id,id_cliente,id_equipamento,quantidade,horas_uso_diario,dias_uso_mes
1,1,6,1,8.9,22
2,1,2,1,6.2,18
3,1,8,3,10.2,27
4,1,1,2,8.8,27
5,2,1,2,5.8,25
6,2,11,2,3.5,24
7,2,6,1,9.1,24
8,2,3,3,8.5,25
9,2,2,1,11.5,22
10,2,14,3,3.1,25
11,3,7,10,10.0,24
12,3,12,2,13.1,18
13,3,8,5,4.0,22
14,3,16,7,6.4,20
15,3,13,12,10.9,30
16,3,9,14,13.3,28
17,4,1,14,7.0,17
18,4,8,7,6.8,26
19,4,9,14,1.6,15
20,4,12,2,13.8,27
21,4,7,3,12.1,26
22,4,16,13,13.5,30
23,4,18,5,13.4,30
24,4,13,9,10.3,24
25,5,18,8,3.8,16
26,5,13,11,1.2,26
27,5,16,4,10.5,27
28,5,7,3,10.1,25
29,6,1,5,4.2,15
30,6,8,12,9.7,25
31,6,9,5,8.3,20
32,6,13,14,7.5,23
33,6,12,6,1.1,19
34,6,16,13,13.0,24
35,6,7,12,1.6,24
36,6,18,13,3.3,21
37,7,9,14,1.0,18
38,7,7,10,3.0,21
39,7,18,12,13.4,15
40,7,16,10,10.9,15
41,7,1,4,6.1,19
42,7,8,4,1.8,21
43,8,8,6,5.7,18
44,8,12,2,4.1,24
45,8,9,11,12.9,18
46,8,16,8,7.6,25
47,8,18,10,1.5,24
48,8,1,2,3.3,16
49,9,10,3,12.6,21
50,9,1,2,12.6,19
51,9,6,2,11.1,24
52,9,7,3,8.1,27
53,9,2,1,4.3,30
54,9,14,3,8.7,28
55,9,15,2,1.9,18
56,10,6,3,7.7,15
57,10,11,3,1.6,18
58,10,9,3,13.1,29
59,10,12,2,8.1,23
60,11,4,3,1.7,18
61,11,8,2,10.5,18
62,11,3,3,6.4,27
63,12,8,6,10.3,25
64,12,16,4,3.4,28
65,12,17,12,14.0,18
66,12,18,8,3.9,20
67,12,13,6,8.1,22
68,13,8,11,1.3,16
69,13,13,10,4.5,30
70,13,17,11,7.3,15
71,14,2,3,11.8,22
72,14,13,3,10.3,25
73,14,10,2,13.0,21
74,14,15,2,10.5,28
75,14,3,1,4.6,25
76,14,8,1,3.5,27
77,15,18,14,13.3,15
78,15,7,2,5.9,29
79,15,16,5,11.2,30
80,15,13,5,6.0,17
81,15,1,12,11.9,22
82,15,8,11,9.0,16
83,15,12,14,2.3,22
84,16,17,2,13.6,17
85,16,8,6,7.6,25
86,16,13,7,2.5,30
87,16,16,4,13.4,30
88,16,18,12,12.4,23
89,17,14,3,1.2,30
90,17,13,1,8.1,28
91,17,9,1,5.0,25
92,17,11,1,13.2,19
93,17,10,1,12.4,19
94,17,5,2,4.2,15
95,18,12,3,3.6,17
96,18,14,2,8.8,18
97,18,13,1,5.2,29
98,18,10,2,12.9,22
99,18,8,2,6.9,24
100,18,11,1,2.3,24
101,18,1,1,13.7,23
102,18,4,1,3.5,18
103,19,17,8,4.4,24
104,19,13,3,7.3,30
105,19,18,3,4.7,24
106,20,13,3,9.4,28
107,20,2,1,1.2,17
108,20,8,2,4.3,24
109,20,5,-2,10.2,30
110,20,9,2,5.1,18
111,20,14,3,8.8,27
112,20,1,1,2.5,23
113,20,3,2,9.0,25
114,21,13,14,6.3,15
115,21,1,14,8.6,15
116,21,16,10,6.9,15
117,21,7,11,6.2,27
118,21,9,11,10.6,20
119,21,8,7,2.3,16
120,22,14,2,14.0,26
121,22,15,1,8.1,23
122,22,1,2,10.1,27
123,22,13,3,3.6,21
124,22,10,3,10.6,29
125,23,16,12,4.2,22
126,23,17,12,7.0,17
127,23,13,11,8.8,30
128,23,18,3,5.8,21
129,23,8,11,12.5,29
130,24,13,9,3.6,24
131,24,8,7,10.7,22
132,24,18,12,7.8,17
133,24,16,11,6.6,27
134,24,17,7,11.4,21
135,25,16,6,9.7,22
136,25,13,12,6.9,27
137,25,8,11,4.2,26
138,26,13,2,7.5,27
139,26,15,3,7.4,18
140,26,1,3,4.7,17
141,26,14,2,1.1,23
142,26,3,1,13.0,19
143,26,6,1,1.9,24
144,26,7,1,10.7,17
145,26,9,1,11.7,17
146,27,13,11,8.0,19
147,27,7,14,5.6,18
148,27,8,9,11.3,21
149,27,16,8,13.4,18
150,27,18,11,5.9,24
151,27,1,8,4.0,15
152,28,7,7,7.8,19
153,28,9,11,12.5,26
154,28,18,8,7.0,28
155,28,16,10,1.2,23
156,28,8,14,7.0,21
157,28,13,14,10.4,18
158,28,1,8,6.6,21
159,28,12,9,12.2,19
160,29,5,2,8.9,28
161,29,10,3,1.8,20
162,29,8,3,4.0,29
163,29,9,2,13.5,22
164,29,4,3,8.2,29
165,29,7,1,6.6,17
166,29,14,3,10.1,29
167,29,15,2,3.2,16
168,30,18,14,10.1,19
169,30,9,14,5.4,30
170,30,16,9,10.0,21
171,30,7,14,6.1,15
172,30,1,4,3.7,15
173,31,8,1,7.0,20
174,31,6,1,7.3,17
175,31,12,2,11.3,28
176,31,7,1,3.4,16
177,31,13,1,12.5,17
178,31,4,3,2.0,28
179,31,2,1,11.4,17
180,32,3,2,7.7,20
181,32,2,3,4.0,27
182,32,13,3,1.6,17
183,32,5,3,1.9,28
184,33,5,3,1.6,18
185,33,8,1,8.6,19
186,33,9,1,5.6,30
187,33,3,2,10.9,17
188,33,12,1,3.7,26
189,34,13,2,8.5,20
190,34,15,2,3.0,24
191,34,2,1,10.3,20
192,34,4,3,3.4,27
193,34,5,3,12.2,28
194,34,3,2,7.6,29
195,34,14,1,8.6,16
196,35,4,2,4.5,26
197,35,5,1,10.0,27
198,35,11,-2,8.7,20
199,35,12,2,9.6,29
200,35,8,3,11.1,21
201,35,14,3,3.4,18
202,36,7,7,1.4,19
203,36,8,4,11.7,26
204,36,18,9,12.2,30
205,36,13,7,6.6,28
206,36,1,12,7.7,29
207,37,15,3,14.0,25
208,37,9,1,10.7,30
209,37,10,1,12.2,27
210,37,4,3,4.1,29
211,37,5,1,5.1,17
212,37,12,3,5.7,17
213,37,1,2,8.4,29
214,38,16,12,1.1,17
215,38,9,6,12.2,24
216,38,13,4,8.6,27
217,38,1,14,10.8,25
218,38,7,3,10.2,25
219,38,8,10,4.0,17
220,38,12,8,13.1,28
221,39,10,2,1.7,25
222,39,9,1,9.8,21
223,39,6,2,5.9,21
224,39,15,3,3.2,19
225,40,5,2,9.7,27
226,40,15,2,3.2,18
227,40,2,2,11.1,21
228,41,9,1,4.6,18
229,41,13,2,8.6,22
230,41,7,3,1.7,22
231,41,1,1,6.5,28
232,41,5,1,8.9,18
233,42,9,10,14.0,18
234,42,7,6,12.7,29
235,42,18,8,9.0,29
236,42,1,6,1.8,18
237,42,13,13,1.9,21
238,42,8,13,11.6,30
239,43,1,2,2.0,29
240,43,5,1,7.9,19
241,43,6,2,3.2,22
242,43,8,3,11.4,28
243,44,18,5,3.7,20
244,44,8,5,2.9,30
245,44,12,7,12.2,29
246,44,1,9,2.1,16
247,44,16,8,10.2,28
248,44,7,6,7.2,24
249,44,9,9,4.9,22
250,44,13,4,1.0,26
251,45,9,9,5.7,20
252,45,12,14,5.5,16
253,45,13,4,13.9,15
254,45,8,11,5.1,29
255,46,13,14,10.6,29
256,46,12,13,7.3,17
257,46,16,13,5.7,17
258,46,8,3,2.6,21
259,46,7,5,6.4,30
260,46,9,9,3.6,15
261,46,18,2,3.3,17
262,46,1,14,8.5,24
263,47,11,3,3.4,16
264,47,10,2,8.9,20
265,47,2,3,8.4,23
266,47,1,2,5.9,17
267,47,13,2,5.8,25
268,47,14,1,10.5,27
269,47,3,3,5.4,18
270,47,5,1,1.3,29
271,48,11,1,8.2,27
272,48,3,1,4.8,22
273,48,9,2,13.3,21
274,48,8,2,8.9,25
275,48,15,2,11.2,27
276,48,12,3,1.1,26
277,48,14,1,10.1,21
278,48,1,2,10.9,29
279,49,9,-2,3.2,19
280,49,8,6,1.6,15
281,49,18,9,3.9,29
282,49,1,10,7.1,26
283,50,8,1,5.4,26
284,50,10,1,11.1,23
285,50,2,1,3.5,25
286,50,5,2,10.0,25
287,50,3,2,6.1,25
288,50,11,3,2.6,15
289,50,13,1,4.1,27
290,51,9,4,7.8,23
291,51,8,2,4.0,25
292,51,1,9,1.4,17
293,51,18,3,9.7,17
294,51,7,8,4.5,15
295,51,13,7,9.8,20
296,51,16,13,12.0,21
297,51,12,6,12.5,18
298,52,8,3,12.0,24
299,52,6,2,13.9,15
300,52,5,3,13.8,22
301,52,2,2,13.1,26
302,52,3,3,2.2,30
303,52,7,3,3.0,28
304,52,13,1,6.8,16
305,52,9,3,4.2,28
306,53,17,9,8.5,17
307,53,16,9,11.6,24
308,53,18,12,1.7,29
309,53,8,4,3.8,19
310,54,1,8,4.9,30
311,54,12,2,6.7,16
312,54,8,4,5.4,23
313,54,9,5,11.8,20
314,54,13,6,10.6,15
315,54,18,5,4.7,29
316,54,16,11,4.9,18
317,55,16,6,5.6,25
318,55,13,13,10.5,18
319,55,17,12,13.1,26
320,55,18,4,8.4,21
321,55,8,4,6.3,24
322,56,15,1,12.6,16
323,56,6,1,10.1,17
324,56,14,2,12.2,26
325,57,1,14,4.2,26
326,57,18,11,11.3,21
327,57,13,11,6.6,29
328,57,9,3,1.7,18
329,57,8,10,10.0,21
330,57,12,7,3.9,29
331,57,7,2,4.3,29
332,58,9,1,11.8,30
333,58,8,2,12.9,17
334,58,4,2,3.4,22
335,58,2,1,8.5,27
336,59,11,1,5.1,20
337,59,9,2,9.5,16
338,59,4,2,5.3,23
339,59,7,2,12.0,21
340,59,12,3,7.7,29
341,60,12,5,9.9,24
342,60,7,13,11.6,27
343,60,18,14,5.9,25
344,60,13,3,2.4,30
345,60,1,5,6.4,24
346,60,8,6,1.9,29
347,61,12,14,10.2,17
348,61,16,7,5.1,29
349,61,7,12,4.4,21
350,61,1,14,11.9,21
351,61,13,9,7.0,21
352,61,9,11,5.1,30
353,61,8,4,2.2,20
354,62,18,8,10.5,25
355,62,16,14,9.6,28
356,62,17,7,13.3,27
357,62,8,13,5.9,21
358,63,9,7,5.2,25
359,63,8,4,11.8,25
360,63,13,2,10.1,29
361,63,12,5,4.0,17
362,63,1,6,12.1,22
363,64,11,1,3.6,24
364,64,9,3,12.5,19
365,64,5,3,7.5,21
366,64,2,2,11.1,16
367,64,8,1,8.4,29
368,64,10,1,11.4,24
369,64,12,1,10.0,28
370,64,13,3,11.5,23
371,65,11,2,1.7,25
372,65,7,1,1.1,17
373,65,8,1,10.5,30
374,65,14,2,11.2,25
375,65,13,3,4.2,24
376,65,1,1,8.4,20
377,65,9,2,1.8,25
378,65,6,3,8.4,22
379,66,7,2,3.9,19
380,66,18,9,13.1,30
381,66,16,5,6.9,27
382,66,1,13,4.7,21
383,66,8,11,9.6,18
384,66,13,13,10.9,27
385,66,12,4,7.3,29
386,67,9,2,6.3,30
387,67,6,2,1.7,18
388,67,14,2,6.1,21
389,67,2,2,3.5,28
390,67,1,2,4.4,20
391,67,8,3,4.9,21
392,67,12,3,6.3,20
393,67,15,3,11.3,18
394,68,3,2,6.8,29
395,68,1,3,2.5,24
396,68,10,2,5.6,17
397,69,6,1,2.7,19
398,69,8,3,1.2,16
399,69,7,3,7.1,25
400,70,11,3,12.0,26
401,70,15,3,9.8,15
402,70,13,2,8.8,30
403,70,6,2,8.5,28
404,70,14,2,2.9,30
405,70,3,1,7.0,24
406,71,3,3,10.5,16
407,71,7,2,8.7,26
408,71,2,1,7.0,23
409,72,12,2,6.2,29
410,72,10,1,8.5,27
411,72,5,3,7.5,24
412,72,11,2,2.2,16
413,73,3,1,11.9,18
414,73,15,2,8.6,21
415,73,1,1,4.5,25
416,73,7,1,9.6,22
417,73,11,3,8.7,29
418,73,14,2,10.5,30
419,73,9,1,9.6,28
420,73,5,1,5.5,30
421,74,11,3,5.6,17
422,74,10,2,1.2,21
423,74,14,1,13.4,17
424,74,15,1,7.7,20
425,74,8,3,8.1,20
426,74,13,2,8.9,26
427,75,13,5,2.8,30
428,75,18,12,11.8,20
429,75,16,9,6.3,20
430,75,17,11,1.9,18
431,75,8,4,11.6,24
432,76,12,3,2.6,18
433,76,10,1,4.3,21
434,76,9,3,7.5,20
435,76,11,3,9.0,27
436,76,7,1,1.3,20
437,76,13,3,9.0,20
438,76,3,3,3.6,18
439,77,2,2,1.6,24
440,77,1,3,13.1,16
441,77,5,3,4.5,20
442,77,6,2,8.8,15
443,78,12,9,2.0,21
444,78,16,14,14.0,26
445,78,7,11,11.0,26
446,78,18,12,13.2,19
447,78,13,6,5.1,23
448,79,8,3,11.3,16
449,79,11,3,13.6,24
450,79,5,1,1.8,17
451,79,7,1,7.6,28
452,79,2,3,9.6,15
453,79,1,3,6.9,28
454,79,3,1,12.3,28
455,80,18,6,6.7,18
456,80,8,11,1.8,21
457,80,17,10,13.2,20
458,81,9,14,2.4,25
459,81,8,5,4.9,26
460,81,13,6,9.8,18
461,81,12,2,9.1,20
462,82,11,3,8.7,23
463,82,14,2,3.2,27
464,82,13,3,3.0,25
465,82,6,3,8.7,15
466,83,13,2,13.6,27
467,83,14,2,10.4,22
468,83,3,2,7.1,16
469,83,1,3,13.9,28
470,83,11,1,12.6,24
471,83,5,1,11.2,28
472,83,8,3,5.4,20
473,83,15,1,1.2,27
474,84,16,13,1.7,17
475,84,1,8,12.7,26
476,84,18,7,3.8,15
477,84,9,13,1.6,24
478,85,8,2,7.5,22
479,85,18,7,3.8,29
480,85,13,7,7.1,21
481,85,16,10,1.2,25
482,85,17,8,8.9,26
483,86,4,2,2.0,27
484,86,14,3,3.1,17
485,86,11,2,3.6,29
486,86,13,3,1.7,29
487,86,3,2,7.7,17
488,87,13,4,1.9,21
489,87,1,14,13.9,23
490,87,12,13,4.4,19
491,87,8,10,12.9,21
492,87,9,7,11.7,20
493,87,7,9,7.8,26
494,88,6,2,4.2,23
495,88,3,3,13.9,29
496,88,5,1,13.3,16
497,89,8,3,9.7,29
498,89,17,10,1.7,22
499,89,13,12,11.0,23
500,89,16,9,9.5,26
501,90,12,2,9.0,16
502,90,11,2,8.6,27
503,90,15,2,5.3,26
504,91,17,8,11.2,17
505,91,8,8,4.1,28
506,91,16,7,10.5,22
507,91,13,10,9.2,25
508,91,18,8,9.0,22
509,92,18,4,7.8,18
510,92,1,14,3.4,19
511,92,8,11,12.6,29
512,92,12,4,7.0,20
513,92,13,14,9.0,26
514,92,16,7,1.8,26
515,93,1,6,6.6,19
516,93,7,10,6.3,20
517,93,16,8,4.9,21
518,93,8,12,10.1,30
519,93,18,14,8.7,21
520,93,13,2,9.5,21
521,94,5,1,10.7,23
522,94,1,3,3.5,22
523,94,6,1,7.3,21
524,94,9,1,12.9,26
525,94,4,1,10.0,16
526,95,7,1,7.1,22
527,95,1,3,9.1,15
528,95,8,1,2.6,17
529,96,7,2,12.9,15
530,96,12,2,3.4,16
531,96,14,3,6.0,23
532,96,6,1,8.7,19
533,96,3,2,1.9,23
534,96,5,3,2.1,24
535,96,10,2,7.7,18
536,96,8,2,4.7,18
537,97,2,1,8.3,16
538,97,6,3,9.8,27
539,97,5,2,10.6,27
540,97,11,3,2.7,17
541,97,13,3,4.0,23
542,97,3,2,4.3,17
543,97,7,1,2.8,27
544,98,1,3,2.1,27
545,98,6,2,5.9,19
546,98,14,3,3.0,29
547,98,3,2,5.3,21
548,98,11,1,3.4,23
549,98,2,1,6.6,26
550,99,9,7,5.1,19
551,99,1,4,6.2,26
552,99,12,4,7.8,28
553,99,18,9,11.7,29
554,99,7,10,5.2,17
555,100,8,3,12.4,29
556,100,5,1,12.2,25
557,100,2,2,10.9,23
558,100,12,2,10.0,21
559,100,10,2,9.9,23
560,100,13,3,7.5,22
561,100,11,3,7.6,17
562,100,9,2,5.1,17
563,101,11,3,2.7,15
564,101,1,1,10.6,22
565,101,2,2,4.3,25
566,101,4,3,3.2,22
567,101,9,3,10.3,25
568,102,13,12,9.8,15
569,102,18,3,6.2,19
570,102,8,10,5.0,15
571,102,16,4,11.3,30
572,103,12,14,13.0,29
573,103,1,2,5.0,18
574,103,7,8,9.0,20
575,103,18,3,1.6,20
576,103,8,12,9.8,18
577,103,13,8,4.5,17
578,104,17,9,6.1,30
579,104,16,5,8.1,15
580,104,13,3,5.8,26
581,104,8,10,3.2,16
582,105,8,14,6.4,28
583,105,13,9,6.2,16
584,105,17,2,6.9,23
585,105,16,9,7.9,18
586,106,11,2,10.7,15
587,106,8,3,12.0,19
588,106,7,3,1.7,22
589,106,4,1,6.4,23
590,106,15,2,1.0,18
591,106,10,2,12.0,20
592,106,9,2,3.2,20
593,107,6,3,9.1,26
594,107,9,2,2.4,18
595,107,3,2,2.4,16
596,107,13,3,10.8,22
597,107,5,1,6.1,16
598,108,9,3,12.3,17
599,108,13,11,8.0,18
600,108,18,4,11.5,16
601,108,7,11,8.3,20
602,108,16,7,11.2,18
603,108,8,2,12.1,25
604,108,12,14,10.2,28
605,108,1,10,1.1,26
606,109,1,9,5.0,15
607,109,7,-2,4.0,29
608,109,16,8,3.4,29
609,109,12,10,4.8,17
610,109,9,14,12.4,18
611,110,5,2,10.3,21
612,110,4,3,5.2,16
613,110,8,3,10.9,15
614,110,14,1,8.1,19
615,110,6,1,13.4,25
616,110,12,1,12.2,26
617,110,15,3,12.1,22
618,110,7,2,7.7,15
619,111,18,13,8.9,26
620,111,12,3,5.9,18
621,111,9,8,8.7,16
622,111,16,11,3.5,15
623,111,13,6,11.8,20
624,111,1,10,9.4,20
625,111,8,6,6.2,17
626,112,8,1,12.1,25
627,112,5,1,10.2,16
628,112,15,3,11.8,30
629,112,14,3,9.1,30
630,113,11,3,1.9,15
631,113,5,1,5.1,30
632,113,6,2,5.6,21
633,113,4,2,8.8,18
634,113,14,1,6.0,15
635,113,12,1,3.6,29
636,113,8,3,4.9,30
637,113,9,1,7.8,28
638,114,6,3,8.5,25
639,114,9,2,10.4,30
640,114,8,3,2.1,23
641,114,3,1,8.1,28
642,114,14,1,2.2,19
643,115,7,2,12.5,22
644,115,10,2,7.9,16
645,115,13,2,3.2,19
646,116,10,3,7.0,19
647,116,6,3,10.7,18
648,116,5,2,6.5,24
649,116,12,2,13.5,16
650,116,13,1,3.5,15
651,116,3,2,8.2,26
652,116,7,1,6.6,22
653,117,15,2,6.8,23
654,117,2,2,1.8,30
655,117,14,2,8.6,21
656,117,13,2,9.3,30
657,117,12,3,10.7,25
658,118,8,4,13.6,27
659,118,12,11,13.4,28
660,118,9,13,7.2,26
661,118,16,11,7.8,27
662,118,18,9,9.8,26
663,119,6,3,13.2,21
664,119,3,2,12.1,28
665,119,13,3,5.4,27
666,119,11,2,1.9,30
667,120,14,1,11.1,25
668,120,9,1,3.4,30
669,120,1,3,3.2,21
670,120,10,1,8.0,29
671,120,13,3,3.6,15
672,120,8,2,1.5,19
673,121,1,8,10.4,26
674,121,16,7,7.9,28
675,121,9,3,1.7,24
676,121,18,2,2.6,28
677,122,17,11,3.2,24
678,122,13,6,9.0,18
679,122,18,3,10.5,16
680,122,8,13,10.9,16
681,122,16,7,3.5,17
682,123,8,13,7.8,24
683,123,12,6,11.5,22
684,123,13,5,2.1,26
685,123,7,14,9.6,20
686,123,18,3,4.6,19
687,123,9,13,5.5,21
688,124,12,7,12.2,20
689,124,8,13,12.1,28
690,124,9,11,1.6,17
691,124,7,3,1.8,17
692,124,13,11,9.7,19
693,124,1,9,3.3,23
694,124,16,8,7.3,25
695,125,8,11,7.6,18
696,125,13,11,1.8,24
697,125,7,10,2.5,16
698,125,12,10,1.7,28
699,125,16,8,2.5,30
700,126,12,2,5.1,27
701,126,7,2,5.8,24
702,126,9,3,11.0,25
703,127,12,3,4.4,30
704,127,14,1,2.2,16
705,127,7,1,2.5,16
706,127,6,1,8.1,24
707,128,11,2,1.1,21
708,128,5,2,12.1,26
709,128,15,3,8.6,26
710,128,1,1,6.3,19
711,128,9,1,9.4,24
712,128,7,1,4.5,28
713,128,4,2,12.0,22
714,128,12,3,9.7,26
715,129,2,3,3.7,21
716,129,3,3,3.6,27
717,129,10,3,6.5,30
718,129,11,3,1.3,23
719,129,12,2,11.6,30
720,130,7,3,13.2,30
721,130,1,2,5.7,24
722,130,8,2,4.6,15
723,131,16,7,5.0,27
724,131,9,4,4.1,24
725,131,1,13,13.4,29
726,131,13,3,1.6,18
727,132,14,1,5.2,23
728,132,1,2,6.1,23
729,132,6,3,6.8,29
730,133,6,2,9.8,24
731,133,8,1,5.4,21
732,133,13,2,2.0,25
733,133,14,1,8.6,21
734,133,3,2,13.1,22
735,133,9,3,11.4,29
736,134,15,2,13.6,20
737,134,6,1,2.1,23
738,134,14,2,7.2,15
739,134,12,3,1.4,18
740,134,4,3,12.4,24
741,135,7,3,11.9,17
742,135,13,14,3.5,28
743,135,8,5,4.9,18
744,135,1,4,7.1,21
745,135,12,10,3.2,18
746,135,18,12,13.2,19
747,135,16,8,13.8,24
748,135,9,10,3.3,19
749,136,7,1,1.6,24
750,136,12,1,3.5,18
751,136,13,1,13.2,25
752,136,2,3,4.8,16
753,137,9,11,4.3,29
754,137,7,7,12.8,21
755,137,16,11,7.3,26
756,137,8,9,13.1,18
757,138,4,1,14.0,17
758,138,10,2,8.5,23
759,138,3,3,10.5,27
760,138,13,2,1.8,18
761,138,1,1,12.3,22
762,138,14,3,10.3,20
763,139,10,1,1.2,29
764,139,4,2,6.8,18
765,139,12,3,10.5,21
766,139,15,2,4.7,25
767,139,11,3,7.9,18
768,140,7,3,8.9,15
769,140,1,2,11.0,17
770,140,10,3,6.0,29
771,140,2,1,11.2,22
772,140,12,1,7.7,25
773,140,14,3,5.4,18
774,140,3,1,3.4,27
775,141,12,13,7.7,30
776,141,1,12,10.2,25
777,141,18,8,12.3,16
778,141,9,13,6.9,29
779,142,5,2,12.6,18
780,142,13,1,12.6,16
781,142,1,3,3.2,29
782,142,12,3,2.6,27
783,142,8,2,2.4,29
784,142,3,1,5.6,23
785,142,14,3,7.4,19
786,142,11,2,1.1,26
787,143,1,11,11.2,21
788,143,9,10,10.3,26
789,143,12,12,2.2,21
790,143,8,3,1.8,20
791,143,13,14,10.6,28
792,143,18,3,11.9,28
793,143,7,7,12.0,16
794,144,9,1,4.5,17
795,144,8,1,10.4,23
796,144,12,3,7.6,19
797,144,13,2,13.7,25
798,144,4,3,11.4,23
799,145,7,1,1.8,23
800,145,11,2,1.1,18
801,145,1,2,5.3,25
802,145,2,3,11.0,29
803,145,13,3,11.6,17
804,145,5,2,13.8,19
805,145,10,3,13.8,23
806,146,8,10,10.8,30
807,146,1,14,1.0,22
808,146,7,6,7.7,28
809,146,13,8,3.3,24
810,147,16,3,13.1,29
811,147,18,5,5.2,16
812,147,12,10,8.2,21
813,147,1,2,6.9,20
814,147,13,14,5.0,28
815,148,7,9,8.5,18
816,148,16,2,7.0,29
817,148,12,6,1.4,20
818,148,8,7,2.1,28
819,148,1,4,4.8,24
820,149,12,4,7.4,16
821,149,18,14,7.1,25
822,149,13,6,9.4,19
823,149,16,8,11.8,22
824,149,1,14,2.0,24
825,150,9,8,11.7,19
826,150,1,11,7.6,17
827,150,13,10,13.1,20
828,150,18,14,3.2,21
829,150,12,5,7.0,22
830,150,16,14,13.1,15
831,150,7,7,10.1,25
832,150,8,2,11.9,29
833,151,12,4,8.0,26
834,151,16,8,11.0,25
835,151,1,7,8.6,29
836,151,13,4,2.3,28
837,151,7,13,8.7,24
838,152,12,11,4.6,18
839,152,8,7,13.1,29
840,152,18,7,12.9,17
841,152,13,11,9.6,24
842,152,9,14,10.7,24
843,152,16,7,5.0,24
844,152,7,9,5.5,29
845,152,1,12,2.3,30
846,153,16,12,11.7,24
847,153,13,12,2.8,23
848,153,7,12,5.6,15
849,153,1,6,9.7,20
850,153,18,6,4.3,20
851,153,12,6,10.9,18
852,153,9,9,12.0,29
853,153,8,3,5.5,30
854,154,9,5,3.4,20
855,154,8,6,1.7,21
856,154,12,10,11.9,30
857,154,1,7,1.6,20
858,155,12,14,1.3,17
859,155,7,2,9.1,26
860,155,9,9,10.6,19
861,155,8,11,3.7,18
862,155,13,10,2.6,28
863,155,16,3,9.8,19
864,155,18,12,13.5,24
865,155,1,11,3.4,20
866,156,18,11,10.1,21
867,156,9,3,1.7,19
868,156,1,5,12.1,30
869,156,16,5,9.3,15
870,156,7,12,13.5,18
871,156,12,14,8.5,29
872,156,13,4,10.3,25
873,156,8,9,4.1,26
874,157,7,3,9.9,25
875,157,5,1,10.8,17
876,157,2,3,13.1,27
877,157,6,2,1.0,16
878,157,14,3,12.8,16
879,157,11,3,11.8,21
880,157,9,3,4.4,15
881,158,16,5,8.1,19
882,158,13,5,3.5,27
883,158,9,2,7.1,17
884,158,8,7,5.4,21
885,158,18,10,7.7,17
886,159,7,5,3.2,18
887,159,18,5,11.7,16
888,159,9,10,5.8,16
889,159,1,6,3.8,26
890,160,15,3,2.7,17
891,160,7,2,2.4,17
892,160,8,3,12.8,30
893,160,14,1,6.6,21
894,160,11,3,8.5,24
895,160,4,2,6.8,25
896,160,2,1,13.4,24
897,161,8,10,1.0,16
898,161,12,10,4.3,22
899,161,16,11,1.4,27
900,161,7,5,9.1,23
901,162,1,1,11.5,27
902,162,4,3,9.6,26
903,162,8,1,2.1,16
904,163,8,1,2.1,24
905,163,11,2,13.8,28
906,163,7,1,10.2,21
907,163,12,3,11.7,23
908,163,13,2,1.9,23
909,163,4,3,8.5,16
910,164,1,9,3.3,23
911,164,8,3,9.3,21
912,164,9,7,8.6,17
913,164,16,14,1.4,23
914,164,7,9,6.6,25
915,165,8,2,9.4,19
916,165,13,3,6.8,25
917,165,11,3,3.2,28
918,165,5,2,3.1,23
919,165,6,3,12.1,23
920,165,9,3,6.3,29
921,166,1,3,1.1,21
922,166,9,13,10.3,17
923,166,12,6,10.5,29
924,166,13,8,6.0,30
925,166,18,13,5.6,24
926,166,7,13,1.9,15
927,167,7,2,7.3,16
928,167,16,6,9.1,30
929,167,8,14,13.9,24
930,167,1,2,2.7,16
931,167,9,2,12.3,16
932,168,12,2,13.4,21
933,168,3,3,9.3,17
934,168,4,3,6.9,22
935,168,15,2,13.1,19
936,168,13,1,3.4,21
937,168,5,3,1.7,18
938,168,6,2,12.1,16
939,168,7,3,13.1,17
940,169,12,3,4.8,18
941,169,14,1,13.6,26
942,169,5,3,6.4,26
943,169,4,1,7.6,19
944,169,9,1,6.3,22
945,169,2,3,7.9,25
946,169,13,3,11.4,27
947,169,15,3,9.3,29
948,170,5,3,9.5,30
949,170,12,1,1.4,19
950,170,6,3,9.2,16
951,170,4,1,99.0,19
952,170,13,1,2.5,25
953,170,8,2,2.8,21
954,171,13,11,13.2,26
955,171,7,8,11.3,22
956,171,16,7,13.6,19
957,171,8,10,13.2,19
958,171,1,4,8.4,16
959,171,12,9,13.5,21
960,171,18,6,13.8,26
961,172,17,9,8.4,17
962,172,13,3,9.7,19
963,172,8,11,1.2,27
964,172,18,6,7.0,29
965,172,16,14,1.9,16
966,173,13,2,3.2,27
967,173,9,4,9.0,23
968,173,8,10,13.5,26
969,173,12,6,8.6,21
970,174,7,1,12.1,21
971,174,13,1,2.3,30
972,174,15,2,4.4,29
973,174,10,1,2.3,21
974,174,2,2,9.1,25
975,174,1,2,10.1,15
976,174,14,3,4.6,30
977,175,9,13,4.8,17
978,175,13,11,10.1,21
979,175,12,6,2.4,15
980,175,8,2,11.6,15
981,176,12,1,13.1,20
982,176,9,1,12.9,20
983,176,6,3,8.9,16
984,177,12,12,11.1,27
985,177,8,14,6.8,15
986,177,18,8,5.2,24
987,177,16,9,2.1,17
988,177,13,2,9.7,25
989,177,7,5,4.6,30
990,177,9,10,7.5,25
991,178,13,2,8.6,27
992,178,8,2,11.6,24
993,178,14,2,3.4,29
994,178,11,2,6.6,25
995,178,7,3,4.7,30
996,178,1,1,7.7,18
997,179,9,5,8.1,16
998,179,7,6,10.1,26
999,179,16,4,13.9,18
1000,179,1,7,9.7,17
1001,179,8,6,2.4,25
1002,180,14,2,9.1,18
1003,180,12,2,13.1,21
1004,180,6,3,11.4,25
1005,180,10,2,2.4,27
1006,180,2,3,11.2,21
1007,181,8,4,13.9,25
1008,181,16,13,8.0,19
1009,181,17,8,1.8,26
1010,181,18,12,1.4,19
1011,182,9,3,8.4,19
1012,182,14,2,4.9,22
1013,182,1,3,4.6,15
1014,182,10,3,3.1,20
1015,183,8,8,7.6,30
1016,183,1,8,2.4,28
1017,183,13,13,4.1,30
1018,183,7,7,4.9,20
1019,183,12,12,2.9,19
1020,183,16,9,9.4,16
1021,184,8,2,13.0,26
1022,184,18,-2,13.4,22
1023,184,17,13,1.0,19
1024,184,13,3,7.8,24
1025,184,16,4,11.0,24
1026,185,13,1,4.5,22
1027,185,7,3,8.4,24
1028,185,1,1,11.1,21
1029,185,9,3,6.3,21
1030,185,3,2,5.9,29
1031,185,4,2,3.3,20
1032,186,18,7,12.8,17
1033,186,16,13,3.3,24
1034,186,8,11,12.0,30
1035,186,17,13,9.5,17
1036,187,9,4,8.9,30
1037,187,1,14,11.4,18
1038,187,12,13,8.2,21
1039,187,8,8,4.7,25
1040,187,18,9,2.5,18
1041,187,7,4,1.5,26
1042,187,13,6,9.8,28
1043,187,16,2,12.5,17
1044,188,13,2,13.1,16
1045,188,10,1,8.1,16
1046,188,8,3,11.1,20
1047,188,1,1,12.0,26
1048,188,4,3,11.7,17
1049,188,7,3,1.8,18
1050,188,14,1,6.8,30
1051,188,12,1,2.3,22
1052,189,6,2,2.1,22
1053,189,15,2,5.0,25
1054,189,1,3,7.3,15
1055,190,13,5,10.5,27
1056,190,12,10,5.4,15
1057,190,1,14,8.3,24
1058,190,18,6,2.1,20
1059,190,16,9,10.2,27
1060,190,7,2,2.0,29
1061,190,9,9,3.5,15
1062,190,8,10,6.3,26
1063,191,8,1,4.7,22
1064,191,3,3,9.4,29
1065,191,10,2,11.7,18
1066,191,12,3,4.6,25
1067,192,3,1,9.8,18
1068,192,4,1,7.1,15
1069,192,9,2,7.1,27
1070,193,2,1,8.6,19
1071,193,9,2,12.6,19
1072,193,10,1,7.9,23
1073,193,14,3,4.2,21
1074,194,1,2,10.5,15
1075,194,8,2,13.9,30
1076,194,9,12,5.3,21
1077,194,18,13,12.1,15
1078,194,7,12,11.4,16
1079,194,16,5,13.5,30
1080,195,7,3,3.6,24
1081,195,1,1,10.6,29
1082,195,3,2,13.8,25
1083,195,10,3,5.4,22
1084,195,11,2,2.3,19
1085,196,8,12,4.3,23
1086,196,16,13,2.0,20
1087,196,12,12,9.7,21
1088,196,9,10,13.4,27
1089,196,7,7,4.5,30
1090,197,18,6,8.0,25
1091,197,8,7,7.3,29
1092,197,13,12,8.2,16
1093,197,16,3,14.0,15
1094,197,17,7,5.2,28
1095,198,13,7,9.9,15
1096,198,17,13,10.0,28
1097,198,16,2,13.3,17
1098,198,18,5,10.1,27
1099,198,8,13,5.6,28
1100,199,12,10,10.3,16
1101,199,18,5,7.7,22
1102,199,16,9,7.9,19
1103,199,13,9,8.7,16
1104,199,8,6,9.1,17
1105,199,7,7,2.5,30
1106,200,2,3,1.3,29
1107,200,3,2,11.1,28
1108,200,5,3,2.0,24
1109,200,15,3,1.5,17
1110,201,13,6,1.7,30
1111,201,7,2,12.0,21
1112,201,16,12,7.6,30
1113,201,8,14,10.7,21
1114,201,12,10,3.0,21
1115,201,1,5,3.8,16
1116,201,18,14,3.4,27
1117,202,11,2,1.1,21
1118,202,4,1,4.3,20
1119,202,9,3,12.5,21
1120,202,15,2,8.9,24
1121,202,2,2,11.5,19
1122,202,10,1,4.5,21
1123,202,14,1,2.1,29
1124,203,7,1,10.3,25
1125,203,13,1,1.7,27
1126,203,15,1,12.5,15
1127,204,3,3,6.5,21
1128,204,12,3,1.1,28
1129,204,15,1,2.0,30
1130,204,1,2,13.0,18
1131,204,10,1,5.8,22
1132,204,8,3,12.5,15
1133,204,11,2,10.6,26
1134,204,14,2,9.7,28
1135,205,12,3,2.5,26
1136,205,4,1,12.7,22
1137,205,6,1,8.2,21
1138,206,12,12,11.6,18
1139,206,16,9,11.2,21
1140,206,9,8,2.1,23
1141,206,7,14,1.7,15
1142,206,13,7,7.9,23
1143,206,1,9,8.7,29
1144,206,8,11,3.6,22
1145,207,9,11,11.5,25
1146,207,16,13,8.2,21
1147,207,12,8,6.4,18
1148,207,1,2,13.1,23
1149,207,7,11,1.9,23
1150,207,8,8,4.3,24
1151,207,18,13,9.8,29
1152,207,13,4,8.8,20
1153,208,3,2,4.1,16
1154,208,5,3,4.3,20
1155,208,1,2,2.8,25
1156,208,12,1,8.4,15
1157,208,14,3,5.5,18
1158,209,14,1,1.5,26
1159,209,3,3,8.4,30
1160,209,9,1,4.3,24
1161,209,10,2,7.9,28
1162,209,13,-2,4.0,17
1163,209,15,3,5.0,19
1164,209,11,1,1.2,21
1165,210,13,5,11.4,24
1166,210,18,13,9.8,28
1167,210,16,11,10.6,17
1168,210,8,2,5.6,24
1169,211,3,1,4.2,26
1170,211,11,1,2.3,23
1171,211,10,2,3.8,24
1172,211,5,3,1.2,20
1173,212,4,2,1.2,27
1174,212,8,1,12.2,29
1175,212,2,2,1.1,24
1176,212,12,1,8.3,23
1177,212,9,1,1.0,25
1178,213,11,3,13.9,23
1179,213,8,1,4.7,20
1180,213,4,1,8.6,22
1181,213,6,3,13.5,25
1182,214,18,2,3.1,20
1183,214,8,6,4.7,23
1184,214,12,14,8.3,18
1185,214,9,5,8.9,22
1186,215,1,4,4.7,24
1187,215,8,6,6.9,16
1188,215,16,11,1.7,16
1189,215,7,2,7.3,15
1190,215,13,5,4.6,18
1191,216,14,1,7.1,15
1192,216,3,3,14.0,27
1193,216,8,3,2.9,16
1194,216,11,1,8.5,26
1195,217,4,3,1.2,18
1196,217,6,1,7.6,15
1197,217,7,2,13.2,17
1198,217,12,1,11.5,26
1199,218,1,11,2.6,15
1200,218,16,6,4.8,16
1201,218,9,14,6.0,26
1202,218,12,9,13.2,19
1203,218,13,3,6.1,20
1204,219,13,10,10.3,16
1205,219,7,11,7.7,28
1206,219,1,4,11.9,21
1207,219,16,5,7.6,20
1208,219,9,5,3.9,30
1209,219,18,8,12.8,27
1210,220,12,1,3.6,29
1211,220,4,1,5.1,16
1212,220,10,1,13.5,17
1213,220,5,1,2.1,19
1214,220,3,2,5.3,25
1215,221,8,11,4.5,23
1216,221,16,2,3.7,21
1217,221,17,5,7.1,24
1218,222,13,1,12.7,24
1219,222,7,2,11.4,16
1220,222,15,2,7.3,27
1221,222,8,3,12.2,22
1222,222,4,3,10.9,26
1223,223,6,3,10.8,18
1224,223,2,3,7.9,20
1225,223,11,3,11.6,30
1226,223,13,3,3.7,18
1227,223,7,3,1.5,23
1228,223,14,1,10.1,30
1229,223,12,2,5.2,27
1230,223,8,3,6.6,17
1231,224,16,13,11.0,24
1232,224,13,7,5.0,23
1233,224,17,2,8.0,30
1234,224,18,5,1.9,15
1235,224,8,2,12.5,28
1236,225,12,3,9.8,29
1237,225,10,2,13.4,17
1238,225,13,2,6.2,25
1239,225,7,3,12.3,26
1240,225,6,2,10.0,28
1241,225,9,1,12.1,29
1242,225,5,3,2.5,24
1243,226,16,5,11.0,23
1244,226,1,4,3.5,18
1245,226,7,2,13.2,28
1246,226,18,10,12.0,21
1247,227,5,2,12.9,15
1248,227,14,3,9.1,25
1249,227,15,1,3.4,15
1250,227,2,1,11.0,23
1251,227,10,1,5.5,29
1252,227,12,1,2.3,28
1253,227,3,1,4.3,24
1254,228,8,1,5.0,17
1255,228,13,1,10.1,21
1256,228,1,1,2.0,26
1257,229,18,10,4.7,18
1258,229,13,10,6.9,25
1259,229,16,13,12.9,28
1260,229,8,13,3.0,29
1261,230,13,1,2.8,25
1262,230,10,1,7.9,17
1263,230,8,3,7.3,20
1264,230,4,2,2.6,15
1265,230,3,2,4.2,15
1266,230,1,2,12.8,30
1267,231,7,4,6.0,16
1268,231,1,12,13.0,21
1269,231,8,2,1.2,21
1270,231,18,5,13.6,19
1271,231,12,11,11.5,18
1272,232,8,2,2.1,26
1273,232,13,1,13.0,26
1274,232,9,1,2.7,26
1275,233,9,3,1.9,24
1276,233,8,1,4.2,30
1277,233,12,1,6.4,28
1278,233,3,1,12.9,16
1279,234,11,1,7.4,20
1280,234,1,3,6.3,28
1281,234,6,1,1.9,15
1282,234,3,1,5.2,25
1283,234,10,2,4.7,24
1284,235,7,14,11.1,17
1285,235,13,2,7.1,29
1286,235,9,5,1.6,23
1287,235,18,4,9.1,30
1288,235,16,7,7.6,19
1289,236,15,2,5.1,19
1290,236,13,2,1.9,16
1291,236,9,1,10.1,23
1292,237,18,12,12.5,17
1293,237,16,6,10.7,17
1294,237,1,9,7.2,26
1295,237,7,9,6.9,18
1296,237,9,11,5.2,18
1297,237,13,13,2.8,25
1298,238,15,2,10.8,30
1299,238,7,3,12.5,18
1300,238,8,1,3.9,29
1301,238,5,2,13.3,22
1302,238,12,3,99.0,24
1303,238,11,2,2.5,23
1304,238,6,3,3.4,21
1305,239,17,9,12.7,21
1306,239,8,14,7.6,20
1307,239,13,10,9.0,25
1308,239,18,6,10.3,18
1309,239,16,8,12.9,23
1310,240,5,3,1.6,23
1311,240,7,3,5.4,26
1312,240,14,1,9.0,21
1313,240,3,2,9.6,29
1314,240,15,2,11.7,30
1315,240,1,3,8.8,22
1316,240,4,3,11.7,28
1317,240,2,3,7.2,29
1318,241,16,7,9.2,25
1319,241,7,2,1.7,29
1320,241,8,11,10.4,27
1321,241,13,10,4.3,20
1322,241,18,2,9.7,27
1323,242,1,6,2.6,30
1324,242,12,3,2.9,24
1325,242,18,11,12.4,28
1326,242,13,6,2.2,15
1327,242,9,2,8.9,20
1328,242,7,10,1.7,25
1329,242,8,13,9.1,29
1330,242,16,10,7.6,15
1331,243,8,2,7.4,30
1332,243,18,11,13.7,15
1333,243,7,-2,7.3,27
1334,243,13,3,9.3,22
1335,244,8,13,12.9,17
1336,244,7,12,4.9,18
1337,244,16,2,1.4,28
1338,244,1,11,7.8,30
1339,245,1,3,6.8,22
1340,245,8,10,4.2,15
1341,245,7,10,6.2,29
1342,245,18,4,3.5,24
1343,245,12,14,10.6,25
1344,245,13,13,8.5,30
1345,246,13,11,11.2,18
1346,246,9,12,3.5,23
1347,246,7,12,13.3,18
1348,246,1,7,10.0,29
1349,247,4,1,3.2,18
1350,247,10,3,13.8,27
1351,247,1,2,3.6,24
1352,248,10,1,2.4,25
1353,248,3,2,7.7,22
1354,248,13,3,6.5,27
1355,248,9,1,4.4,22
1356,248,7,3,5.7,27
1357,248,14,3,9.9,17
1358,249,17,3,9.0,29
1359,249,18,2,12.6,25
1360,249,16,2,5.5,21
1361,250,12,4,2.7,24
1362,250,7,7,10.0,23
1363,250,8,3,9.1,26
1364,250,1,8,7.1,28
1365,250,9,6,8.6,25
1366,250,16,5,7.4,22
1367,250,13,8,1.9,21
1368,250,18,11,6.6,27
1369,251,13,5,4.9,15
1370,251,18,13,2.5,30
1371,251,7,9,6.8,18
1372,251,9,11,9.5,18
1373,251,16,4,8.2,29
1374,251,8,2,10.5,24
1375,251,12,11,9.7,16
1376,252,2,2,11.1,15
1377,252,7,2,10.8,15
1378,252,4,2,11.0,21
1379,253,8,3,8.9,15
1380,253,10,1,5.2,28
1381,253,13,1,12.0,15
1382,253,1,1,1.5,26
1383,253,14,1,6.0,15
1384,253,6,3,11.8,21
1385,253,3,1,4.8,19
1386,254,11,3,7.5,30
1387,254,13,1,9.8,15
1388,254,12,1,13.5,27
1389,254,2,3,2.4,20
1390,254,6,1,5.4,28
1391,254,3,2,3.8,19
1392,254,5,3,7.5,15
1393,254,7,1,9.7,18
1394,255,9,11,13.3,18
1395,255,8,8,5.3,24
1396,255,18,2,13.1,18
1397,255,16,6,7.4,22
1398,255,13,11,8.9,28
1399,255,1,5,8.1,15
1400,255,12,11,11.2,26
1401,256,14,3,6.0,23
1402,256,4,3,2.9,15
1403,256,6,1,11.3,18
1404,256,5,2,11.8,23
1405,256,7,1,12.4,17
1406,257,2,2,6.3,18
1407,257,12,1,9.2,27
1408,257,5,1,3.5,27
1409,257,3,2,8.5,30
1410,257,7,2,9.6,30
1411,257,8,3,10.4,21
1412,257,15,1,12.6,22
1413,257,11,1,11.7,20
1414,258,11,1,9.7,19
1415,258,2,2,1.0,23
1416,258,6,3,7.9,23
1417,258,7,1,6.4,16
1418,259,4,2,3.7,17
1419,259,10,2,14.0,19
1420,259,8,3,9.7,16
1421,259,15,2,8.5,15
1422,259,13,3,5.2,23
1423,259,2,3,3.4,30
1424,259,3,3,5.4,21
1425,260,7,1,10.5,15
1426,260,2,1,9.9,22
1427,260,15,1,6.7,16
1428,260,10,1,10.8,18
1429,260,8,1,8.8,16
1430,260,13,2,13.8,28
1431,260,3,3,99.0,28
1432,260,14,2,9.1,21
1433,261,3,2,11.1,16
1434,261,11,1,12.6,25
1435,261,8,1,11.6,15
1436,261,14,1,3.5,19
1437,261,4,1,10.4,23
1438,262,8,7,4.6,30
1439,262,9,6,10.0,30
1440,262,7,6,5.5,27
1441,262,1,14,5.2,22
1442,262,18,12,13.8,18
1443,262,12,11,13.1,15
1444,263,15,2,10.7,15
1445,263,11,2,10.3,27
1446,263,2,2,10.6,29
1447,263,14,3,12.5,25
1448,263,6,3,2.6,25
1449,263,9,3,12.0,30
1450,263,4,1,4.6,15
1451,264,15,3,2.2,27
1452,264,1,2,6.7,28
1453,264,9,2,8.6,29
1454,264,2,1,2.9,20
1455,264,13,2,2.8,27
1456,264,6,1,1.7,26
1457,264,3,3,3.3,30
1458,265,5,2,2.1,20
1459,265,14,1,12.9,25
1460,265,10,3,9.6,28
1461,265,9,1,2.7,29
1462,265,12,3,7.0,23
1463,265,4,2,3.2,26
1464,265,15,1,4.9,15
1465,265,3,1,6.8,18
1466,266,14,1,6.1,26
1467,266,8,1,9.6,15
1468,266,3,2,4.7,21
1469,267,4,3,6.7,24
1470,267,11,2,9.2,18
1471,267,15,1,9.3,29
1472,267,10,3,7.4,17
1473,267,14,2,13.0,27
1474,268,6,3,9.9,21
1475,268,5,2,4.5,29
1476,268,2,1,13.8,27
1477,268,7,3,2.5,19
1478,268,8,3,10.4,28
1479,268,14,2,4.3,17
1480,268,10,2,3.9,15
1481,269,16,12,4.3,15
1482,269,12,8,12.8,25
1483,269,8,3,6.0,21
1484,269,18,8,10.5,19
1485,269,13,4,12.1,17
1486,269,1,12,5.4,23
1487,270,12,1,7.1,23
1488,270,15,2,4.1,27
1489,270,13,3,2.7,22
1490,270,10,3,12.0,30
1491,270,3,3,12.3,16
1492,270,1,3,12.9,23
1493,271,13,11,6.3,27
1494,271,7,9,2.8,25
1495,271,18,8,1.7,30
1496,271,12,11,1.1,26
1497,271,8,10,5.1,30
1498,272,13,3,11.9,25
1499,272,12,8,13.2,17
1500,272,1,2,8.0,28
1501,272,8,14,9.5,18
1502,272,9,7,9.4,18
1503,272,16,7,1.7,25
1504,272,18,11,8.1,26
1505,273,7,3,5.1,30
1506,273,1,2,7.5,21
1507,273,18,4,6.7,20
1508,273,9,4,12.0,27
1509,273,8,7,7.4,29
1510,273,13,6,12.5,24
1511,274,5,3,6.6,21
1512,274,12,1,8.9,23
1513,274,2,1,6.8,27
1514,275,5,3,9.2,22
1515,275,2,1,2.2,18
1516,275,10,1,5.2,26
1517,275,8,3,4.4,21
1518,275,9,3,7.6,27
1519,276,5,2,11.3,17
1520,276,3,1,5.5,17
1521,276,2,3,2.0,29
1522,276,11,2,12.6,29
1523,276,4,2,12.4,21
1524,276,13,2,4.2,28
1525,276,14,3,8.6,22
1526,277,10,3,1.5,21
1527,277,14,1,5.6,23
1528,277,8,1,1.2,27
1529,277,1,3,11.5,19
1530,277,6,1,10.8,25
1531,277,9,2,5.2,27
1532,278,17,10,9.9,19
1533,278,16,13,8.9,16
1534,278,8,10,13.5,17
1535,278,13,4,6.9,23
1536,278,18,3,2.4,28
1537,279,6,2,11.9,18
1538,279,12,1,9.3,17
1539,279,3,2,6.2,22
1540,279,2,2,11.4,20
1541,280,6,1,1.1,27
1542,280,11,3,11.5,30
1543,280,8,2,5.9,23
1544,280,15,1,12.4,19
1545,281,12,2,4.5,16
1546,281,1,11,10.2,26
1547,281,9,2,2.3,29
1548,281,8,4,7.1,26
1549,281,18,12,6.7,17
1550,281,13,10,10.2,29
1551,282,18,5,9.4,20
1552,282,13,13,12.2,18
1553,282,7,5,6.6,29
1554,282,8,12,13.2,22
1555,282,1,10,1.1,21
1556,282,9,2,11.7,18
1557,282,12,11,4.1,25
1558,283,5,3,2.8,23
1559,283,3,2,2.4,30
1560,283,8,3,13.4,29
1561,283,15,2,1.7,18
1562,284,12,3,11.5,26
1563,284,1,2,6.0,25
1564,284,9,3,13.5,23
1565,284,7,2,3.6,24
1566,284,11,1,9.9,24
1567,284,5,2,13.7,15
1568,284,2,2,6.3,17
1569,284,14,2,10.5,26
1570,285,14,1,1.4,16
1571,285,15,1,8.4,20
1572,285,13,1,7.2,18
1573,285,3,2,1.8,18
1574,285,10,1,13.5,20
1575,286,4,3,5.2,23
1576,286,7,3,7.9,27
1577,286,11,-2,13.3,22
1578,286,8,3,3.4,24
1579,286,2,2,6.0,25
1580,287,4,3,9.1,26
1581,287,8,2,3.6,17
1582,287,14,3,9.6,23
1583,287,12,2,13.8,15
1584,287,13,3,2.7,22
1585,287,6,1,12.3,30
1586,287,7,1,1.0,27
1587,287,10,1,5.4,26
1588,288,4,1,4.8,22
1589,288,3,3,9.9,25
1590,288,14,3,13.1,19
1591,289,3,2,8.3,24
1592,289,8,3,4.8,24
1593,289,6,1,12.3,20
1594,289,11,2,2.3,17
1595,289,14,3,5.5,17
1596,289,4,1,5.7,25
1597,289,13,3,8.7,20
1598,290,12,2,9.6,16
1599,290,11,1,6.9,29
1600,290,1,1,5.7,19
1601,290,3,1,1.5,17
1602,290,2,3,13.0,26
1603,290,14,2,1.1,18
1604,291,12,3,1.2,21
1605,291,4,1,8.9,21
1606,291,14,2,11.6,25
1607,291,2,3,2.7,27
1608,291,3,1,9.4,24
1609,291,6,3,1.4,15
1610,292,4,1,1.2,27
1611,292,12,3,6.8,18
1612,292,14,2,11.2,22
1613,293,4,1,7.7,20
1614,293,9,3,2.6,15
1615,293,11,2,3.3,17
1616,293,15,3,11.3,21
1617,293,1,2,13.8,24
1618,293,7,1,12.2,17
1619,293,2,2,13.1,17
1620,294,16,9,3.7,28
1621,294,1,6,1.8,17
1622,294,12,6,2.6,26
1623,294,13,6,12.2,21
1624,295,9,5,13.2,25
1625,295,8,2,7.0,23
1626,295,1,11,11.7,26
1627,295,18,14,3.3,21
1628,295,7,11,13.6,29
1629,295,16,7,1.4,21
1630,295,12,3,9.4,28
1631,295,13,12,11.8,24
1632,296,8,1,10.2,26
1633,296,10,2,13.6,15
1634,296,2,2,6.8,17
1635,297,1,1,3.2,17
1636,297,8,3,12.1,28
1637,297,14,3,7.4,26
1638,298,10,2,5.7,27
1639,298,2,3,5.8,20
1640,298,5,2,12.0,27
1641,298,1,2,5.6,27
1642,298,11,2,1.0,19
1643,298,4,2,7.6,20
1644,299,7,12,2.7,18
1645,299,18,13,5.1,25
1646,299,12,10,2.9,19
1647,299,13,5,4.3,30
1648,299,16,11,1.1,25
1649,299,8,11,5.0,17
1650,300,9,6,1.8,22
1651,300,13,9,6.5,27
1652,300,7,4,5.3,29
1653,300,8,12,9.7,29
1654,300,16,12,3.7,23
1655,300,1,13,6.4,27
1656,301,11,2,6.0,15
1657,301,4,1,13.5,29
1658,301,6,1,7.9,28
1659,301,9,3,13.4,19
1660,301,5,3,5.0,29
1661,301,3,3,1.2,15
1662,302,16,9,10.4,28
1663,302,13,11,7.8,24
1664,302,8,6,3.0,27
1665,302,18,7,7.4,26
1666,303,3,1,7.1,27
1667,303,9,2,3.4,18
1668,303,10,2,13.9,19
1669,304,13,2,13.6,15
1670,304,2,1,12.5,25
1671,304,4,3,9.9,19
1672,305,13,6,3.1,26
1673,305,9,8,3.0,20
1674,305,8,-2,8.0,30
1675,305,7,9,6.8,18
1676,305,16,6,9.8,22
1677,305,1,10,12.8,19
1678,305,12,4,8.2,23
1679,306,8,3,12.4,22
1680,306,13,5,9.8,28
1681,306,18,9,9.6,21
1682,306,16,5,7.7,18
1683,306,12,8,6.0,26
1684,306,9,14,2.2,28
1685,306,7,2,6.4,28
1686,306,1,11,9.8,29
1687,307,13,10,9.5,22
1688,307,7,5,7.3,21
1689,307,18,6,12.9,19
1690,307,1,6,6.8,23
1691,307,12,13,6.1,20
1692,308,12,12,5.3,26
1693,308,9,6,4.8,26
1694,308,1,11,3.1,17
1695,308,18,10,2.4,29
1696,308,8,2,11.5,21
1697,308,13,8,11.1,23
1698,308,7,6,8.0,17
1699,309,10,1,10.3,21
1700,309,2,2,3.0,26
1701,309,15,1,6.3,29
1702,309,14,3,4.2,23
1703,309,7,2,12.4,29
1704,310,16,9,13.8,24
1705,310,9,12,7.6,28
1706,310,18,6,2.3,26
1707,310,8,12,8.6,17
1708,310,13,4,9.3,26
1709,310,7,3,11.4,23
1710,310,1,13,4.4,22
1711,310,12,4,7.1,24
1712,311,4,1,8.1,23
1713,311,5,1,7.5,22
1714,311,14,1,13.1,15
1715,311,15,2,3.8,25
1716,311,8,3,13.5,26
1717,311,7,2,2.5,23
1718,311,9,1,7.2,18
1719,311,2,3,6.1,24
1720,312,9,4,8.2,24
1721,312,18,4,10.2,29
1722,312,1,8,4.3,28
1723,312,12,4,13.3,24
1724,312,13,5,8.1,17
1725,312,16,8,3.2,29
1726,312,8,11,8.7,15
1727,312,7,13,6.2,21
1728,313,10,2,9.6,26
1729,313,12,2,1.2,24
1730,313,9,2,8.9,17
1731,313,7,3,8.7,18
1732,313,5,3,7.0,23
1733,313,8,2,9.2,20
1734,314,16,7,1.9,22
1735,314,7,6,11.5,26
1736,314,8,3,9.6,19
1737,314,18,4,12.6,22
1738,315,7,3,6.2,18
1739,315,3,2,4.7,27
1740,315,6,3,10.7,30
1741,316,12,9,6.5,29
1742,316,8,13,3.1,28
1743,316,16,3,10.5,26
1744,316,7,10,2.9,17
1745,316,9,6,2.6,29
1746,316,13,4,8.9,19
1747,316,1,7,11.1,26
1748,317,12,2,8.7,19
1749,317,1,1,1.3,19
1750,317,13,2,8.0,29
1751,317,2,1,12.0,25
1752,317,5,2,1.5,30
1753,318,13,11,11.6,18
1754,318,8,11,3.1,27
1755,318,9,4,6.9,21
1756,318,16,6,2.5,29
1757,318,1,6,2.5,24
1758,318,12,6,13.5,30
1759,318,7,7,9.2,30
1760,318,18,5,5.2,22
1761,319,11,1,1.5,26
1762,319,13,1,8.9,21
1763,319,5,3,1.5,26
1764,319,9,1,4.8,18
1765,320,1,1,7.9,22
1766,320,5,1,8.6,17
1767,320,12,3,1.1,16
1768,320,14,3,9.7,30
1769,320,2,3,99.0,22
1770,320,10,2,11.2,23
1771,320,11,1,12.1,28
1772,321,10,1,1.4,23
1773,321,8,2,2.6,21
1774,321,13,1,1.8,26
1775,321,7,2,9.1,21
1776,321,15,3,11.6,22
1777,321,11,2,9.0,28
1778,321,1,3,10.0,29
1779,322,8,3,5.3,29
1780,322,1,3,3.8,15
1781,322,4,1,6.8,15
1782,322,6,1,5.2,30
1783,322,9,2,1.1,20
1784,323,8,9,7.4,21
1785,323,18,5,2.8,23
1786,323,12,9,8.5,21
1787,323,7,6,13.3,23
1788,323,13,3,12.9,25
1789,323,9,5,10.8,17
1790,323,16,12,12.3,27
1791,324,3,1,7.7,30
1792,324,1,1,10.6,26
1793,324,5,1,1.5,19
1794,324,4,1,11.8,20
1795,324,11,3,8.7,21
1796,324,13,2,3.1,21
1797,325,18,8,3.2,29
1798,325,13,7,99.0,28
1799,325,8,5,2.1,27
1800,325,16,9,6.1,16
1801,326,14,2,8.5,30
1802,326,2,2,11.7,22
1803,326,1,2,8.3,19
1804,326,10,1,5.2,24
1805,326,13,2,12.1,16
1806,326,11,2,12.1,26
1807,327,4,1,8.9,20
1808,327,2,2,4.4,15
1809,327,7,1,10.0,26
1810,327,8,2,9.9,22
1811,327,3,1,10.8,23
1812,328,12,13,9.9,19
1813,328,1,2,7.0,27
1814,328,7,4,9.8,18
1815,328,18,8,9.1,29
1816,328,13,13,13.4,27
1817,329,8,13,10.4,23
1818,329,16,3,8.3,30
1819,329,1,2,6.2,23
1820,329,13,12,2.5,15
1821,330,15,2,4.8,24
1822,330,4,3,11.3,26
1823,330,12,3,7.9,17
1824,330,2,2,12.3,16
1825,330,7,2,5.8,30
1826,330,11,1,1.5,18
1827,330,6,2,4.2,17
1828,330,5,1,1.3,24
1829,331,9,2,6.2,28
1830,331,3,2,7.7,24
1831,331,11,3,2.5,20
1832,331,4,2,14.0,29
1833,331,7,1,5.7,30
1834,331,15,2,10.2,28
1835,331,12,3,8.6,29
1836,332,8,12,2.7,16
1837,332,13,2,10.8,19
1838,332,1,12,7.7,30
1839,332,12,9,10.6,30
1840,332,7,13,10.9,29
1841,332,9,2,3.7,21
1842,332,16,7,7.1,16
1843,332,18,4,10.8,24
1844,333,1,3,2.6,18
1845,333,10,1,2.1,21
1846,333,7,2,5.9,22
1847,333,12,2,11.3,17
1848,333,14,3,10.3,20
1849,333,2,2,13.1,27
1850,333,4,1,6.6,23
1851,334,18,13,8.0,17
1852,334,8,2,9.1,22
1853,334,13,13,13.8,22
1854,335,18,2,12.4,30
1855,335,8,2,12.6,25
1856,335,13,11,8.6,24
1857,335,16,9,13.2,15
1858,335,17,2,8.0,26
1859,336,16,3,11.3,25
1860,336,12,3,13.2,24
1861,336,18,11,8.7,24
1862,336,8,3,3.2,20
1863,336,1,4,6.5,28
1864,336,9,10,1.8,16
1865,336,13,3,11.2,24
1866,337,3,2,13.1,28
1867,337,6,1,13.5,27
1868,337,7,2,12.1,25
1869,337,15,1,2.7,18
1870,337,9,3,6.7,22
1871,337,11,2,2.0,19
1872,338,16,4,6.6,29
1873,338,13,10,2.5,15
1874,338,1,9,10.1,28
1875,338,9,9,10.5,19
1876,338,18,10,13.4,23
1877,338,7,5,1.2,18
1878,338,12,11,11.5,28
1879,339,5,2,10.1,20
1880,339,2,3,5.9,20
1881,339,14,1,8.2,15
1882,339,10,1,1.0,17
1883,339,15,3,5.3,22
1884,339,9,3,12.8,22
1885,339,6,2,2.7,28
1886,339,13,2,8.7,15
1887,340,15,3,10.5,25
1888,340,7,2,9.1,30
1889,340,5,3,10.0,30
1890,340,14,2,10.0,17
1891,340,10,3,10.2,19
1892,340,12,2,12.9,26
1893,340,2,1,6.9,19
1894,341,5,3,11.0,25
1895,341,13,3,5.3,22
1896,341,2,1,1.6,25
1897,341,15,1,13.4,24
1898,341,1,2,3.9,22
1899,341,14,1,10.9,30
1900,341,10,3,99.0,22
1901,341,6,1,13.7,30
1902,342,10,2,9.1,16
1903,342,3,1,13.6,29
1904,342,7,2,8.5,30
1905,343,16,2,7.4,25
1906,343,7,12,7.6,19
1907,343,1,11,7.4,20
1908,343,9,2,6.2,18
1909,344,9,9,11.2,22
1910,344,16,12,5.6,18
1911,344,12,3,9.0,30
1912,344,7,3,13.9,17
1913,344,18,12,2.0,30
1914,344,1,7,12.0,16
1915,344,8,7,11.5,29
1916,344,13,2,6.7,27
1917,345,13,7,7.0,18
1918,345,8,9,8.0,23
1919,345,7,10,10.9,24
1920,345,1,12,8.9,30
1921,346,12,1,11.9,26
1922,346,14,2,12.1,15
1923,346,13,2,7.8,17
1924,347,1,2,1.7,27
1925,347,12,3,4.2,25
1926,347,11,3,6.3,16
1927,348,6,2,5.4,19
1928,348,8,1,8.5,29
1929,348,5,3,2.2,22
1930,348,13,2,4.7,28
1931,348,15,3,8.0,18
1932,348,2,3,1.3,24
1933,348,12,3,4.8,26
1934,349,17,7,2.2,15
1935,349,18,6,1.7,21
1936,349,13,7,2.1,20
1937,349,16,10,1.7,15
1938,349,8,11,5.0,30
1939,350,14,1,14.0,19
1940,350,4,2,1.8,19
1941,350,11,2,13.0,25
1942,350,9,1,9.6,20
1943,350,1,1,4.4,20
1944,350,15,1,10.1,26
1945,350,10,2,2.9,30
1946,351,12,10,8.3,16
1947,351,7,6,3.0,23
1948,351,8,5,12.5,20
1949,351,1,7,6.7,22
1950,351,9,13,1.9,24
1951,352,9,2,13.0,18
1952,352,3,1,7.7,21
1953,352,7,2,10.4,30
1954,353,8,3,4.8,24
1955,353,4,1,11.5,17
1956,353,10,2,9.1,15
1957,353,13,2,3.4,30
1958,353,2,1,5.7,29
1959,353,9,3,5.5,20
1960,353,15,3,8.4,15
1961,353,3,3,3.7,25
1962,354,1,2,5.9,20
1963,354,13,8,1.3,15
1964,354,9,7,8.6,26
1965,354,16,12,7.9,29
1966,354,7,3,10.1,15
1967,354,8,14,3.5,24
1968,354,12,14,10.4,15
1969,354,18,7,6.1,24
1970,355,15,1,4.0,25
1971,355,4,1,6.7,23
1972,355,8,2,11.1,21
1973,355,3,3,1.9,18
1974,355,9,3,5.5,26
1975,355,14,2,5.3,29
1976,355,1,1,2.9,20
1977,356,12,3,9.3,16
1978,356,18,6,11.7,24
1979,356,16,5,7.6,19
1980,356,13,3,8.6,29
1981,356,1,5,1.9,29
1982,357,18,11,12.6,22
1983,357,8,2,11.7,16
1984,357,13,2,2.3,16
1985,358,8,2,5.4,25
1986,358,4,1,3.0,24
1987,358,9,2,1.9,25
1988,359,9,2,1.8,24
1989,359,15,3,6.2,23
1990,359,7,3,11.2,20
1991,359,3,2,7.4,23
1992,359,5,1,11.8,18
1993,359,1,3,4.2,21
1994,359,11,2,12.2,27
1995,359,14,1,12.7,25
1996,360,11,1,10.6,17
1997,360,13,3,11.4,30
1998,360,3,2,4.0,18
1999,360,14,1,13.4,30
2000,360,12,1,9.9,16
2001,361,17,6,13.2,27
2002,361,8,11,6.7,16
2003,361,13,4,7.3,15
2004,361,16,9,5.2,26
2005,361,18,8,5.9,19
2006,362,10,2,5.9,19
2007,362,11,3,9.3,16
2008,362,9,2,8.3,24
2009,362,3,3,5.7,22
2010,362,2,2,2.5,24
2011,363,12,4,7.7,17
2012,363,16,14,9.4,20
2013,363,13,6,6.5,16
2014,363,7,13,1.9,21
2015,363,18,5,5.3,21
2016,363,1,14,1.3,23
2017,363,8,5,1.3,17
2018,363,9,11,7.0,30
2019,364,9,3,11.0,24
2020,364,13,4,12.7,18
2021,364,12,5,2.5,15
2022,364,16,9,3.7,21
2023,364,8,6,7.6,22
2024,364,18,12,12.9,28
2025,365,18,10,9.4,30
2026,365,8,9,2.9,16
2027,365,9,6,1.2,17
2028,365,16,5,2.0,23
2029,365,12,12,11.3,27
2030,365,7,14,7.7,30
2031,365,13,6,4.4,19
2032,366,11,2,6.6,30
2033,366,1,3,7.6,23
2034,366,2,3,6.1,29
2035,366,5,2,1.4,26
2036,367,9,6,9.4,16
2037,367,13,4,11.1,17
2038,367,8,5,13.8,17
2039,367,1,11,2.0,15
2040,368,13,8,10.4,21
2041,368,16,10,10.5,25
2042,368,17,12,11.7,30
2043,369,13,3,7.7,28
2044,369,6,3,1.5,26
2045,369,14,3,2.4,19
2046,369,11,1,10.0,27
2047,369,15,1,8.1,18
2048,369,9,1,2.2,25
2049,369,10,1,1.3,23
2050,369,12,1,8.6,30
2051,370,8,2,9.8,18
2052,370,12,1,11.3,21
2053,370,10,3,9.1,18
2054,370,2,2,7.9,18
2055,370,11,2,1.4,30
2056,370,13,3,4.8,19
2057,370,3,3,10.9,23
2058,371,8,14,10.8,28
2059,371,16,7,3.6,17
2060,371,18,14,11.3,16
2061,371,17,11,8.0,30
2062,371,13,2,9.6,22
2063,372,12,2,10.2,26
2064,372,13,1,11.6,23
2065,372,2,3,8.7,16
2066,372,11,3,12.8,24
2067,372,3,1,10.6,28
2068,372,9,3,13.3,19
2069,373,7,10,9.7,24
2070,373,8,8,1.1,28
2071,373,9,6,3.6,27
2072,373,1,14,3.3,26
2073,373,13,11,7.7,17
2074,374,5,3,13.5,30
2075,374,3,3,9.8,24
2076,374,13,3,11.5,29
2077,374,4,3,3.8,26
2078,374,11,2,13.9,25
2079,374,15,2,10.5,30
2080,374,14,1,10.3,23
2081,374,8,2,11.8,27
2082,375,15,2,1.4,22
2083,375,7,3,12.8,20
2084,375,11,3,7.1,24
2085,375,1,2,4.4,26
2086,375,2,1,5.8,29
2087,375,13,2,5.0,27
2088,375,6,1,1.3,15
2089,376,12,2,11.9,29
2090,376,18,5,11.7,15
2091,376,16,8,4.0,21
2092,376,9,13,4.9,29
2093,376,13,11,7.1,27
2094,376,8,8,11.7,28
2095,376,7,2,3.6,30
2096,376,1,9,11.9,27
2097,377,7,2,3.2,18
2098,377,13,3,10.6,27
2099,377,12,3,9.7,18
2100,377,3,3,8.6,15
2101,377,14,3,7.3,16
2102,377,11,2,5.7,19
2103,378,4,2,11.8,29
2104,378,6,3,9.2,18
2105,378,9,3,5.1,21
2106,378,3,1,12.3,30
2107,378,12,3,5.2,28
2108,378,1,3,1.4,28
2109,378,8,3,6.9,28
2110,379,7,2,3.3,28
2111,379,4,3,7.2,29
2112,379,3,2,1.4,15
2113,380,5,2,8.3,19
2114,380,13,1,13.6,24
2115,380,10,2,10.7,21
2116,380,7,3,10.6,29
2117,380,2,1,4.6,26
2118,381,5,2,12.3,20
2119,381,8,1,13.9,15
2120,381,7,3,4.9,29
2121,381,13,3,9.1,22
2122,381,14,1,1.0,26
2123,382,11,2,7.8,15
2124,382,6,1,4.4,26
2125,382,1,3,8.6,22
2126,382,8,3,2.9,27
2127,382,2,2,12.4,18
2128,383,13,14,11.5,20
2129,383,8,7,4.9,20
2130,383,17,4,4.6,18
2131,383,18,3,6.7,17
2132,384,5,3,3.1,26
2133,384,7,1,13.7,18
2134,384,11,1,6.4,29
2135,385,12,9,13.8,23
2136,385,13,7,7.3,29
2137,385,8,5,8.0,17
2138,385,7,4,9.2,28
2139,386,5,3,13.9,30
2140,386,12,3,9.4,25
2141,386,8,3,12.2,28
2142,387,16,9,9.1,18
2143,387,7,10,1.5,18
2144,387,8,10,2.5,18
2145,387,12,9,1.8,21
2146,387,9,11,4.7,22
2147,388,6,2,7.4,22
2148,388,1,1,4.3,20
2149,388,7,3,12.7,23
2150,388,3,3,8.2,21
2151,388,11,2,7.2,30
2152,388,5,2,12.9,29
2153,388,10,1,6.4,15
2154,389,17,10,7.2,28
2155,389,18,4,1.8,16
2156,389,16,8,6.6,22
2157,389,13,7,10.5,17
2158,390,10,1,4.9,18
2159,390,2,2,12.6,30
2160,390,15,1,13.1,19
2161,390,5,1,10.9,17
2162,391,7,3,10.5,27
2163,391,13,1,7.6,15
2164,391,9,2,9.9,21
2165,391,6,2,12.6,28
2166,391,1,3,10.1,27
2167,392,9,1,11.3,27
2168,392,15,1,4.4,18
2169,392,12,1,5.3,25
2170,392,14,3,7.2,20
2171,392,6,1,2.1,27
2172,392,11,2,6.4,23
2173,392,8,3,5.7,24
2174,393,5,1,1.3,16
2175,393,10,1,4.3,19
2176,393,13,2,13.0,23
2177,393,8,2,4.1,28
2178,393,2,2,3.4,21
2179,393,14,3,4.5,27
2180,393,1,3,7.7,27
2181,394,13,1,11.8,15
2182,394,14,2,6.6,24
2183,394,7,2,5.9,15
2184,395,10,1,8.5,20
2185,395,12,2,11.7,21
2186,395,2,1,5.7,20
2187,395,11,2,12.0,30
2188,396,13,10,12.8,26
2189,396,9,14,5.0,26
2190,396,1,3,4.7,19
2191,396,12,2,6.1,22
2192,396,7,12,6.6,22
2193,396,8,13,2.0,15
2194,397,4,2,9.0,27
2195,397,9,2,10.0,29
2196,397,14,3,12.9,28
2197,397,3,2,11.1,21
2198,397,11,2,6.2,24
2199,397,12,2,13.6,23
2200,397,8,2,11.8,15
2201,398,11,-2,11.2,24
2202,398,6,2,3.0,21
2203,398,5,2,8.8,17
2204,398,12,3,11.1,15
2205,399,12,7,11.5,19
2206,399,8,13,13.6,20
2207,399,16,10,3.4,26
2208,399,9,4,8.7,17
2209,400,18,4,10.2,30
2210,400,1,7,12.2,19
2211,400,13,4,11.7,19
2212,400,16,6,5.0,26
2213,400,8,8,12.5,23
2214,401,10,1,13.6,29
2215,401,14,2,4.5,20
2216,401,9,3,8.9,29
2217,401,6,1,11.3,18
2218,401,11,1,4.1,18
2219,401,7,1,10.1,24
2220,401,13,3,6.4,25
2221,402,2,3,2.3,19
2222,402,8,3,2.1,23
2223,402,12,2,7.1,16
2224,402,11,2,5.7,22
2225,402,9,3,7.5,25
2226,402,14,3,11.7,24
2227,402,13,2,9.1,20
2228,402,1,2,3.0,28
2229,403,15,2,4.8,28
2230,403,12,1,2.9,20
2231,403,1,1,3.2,29
2232,403,10,1,7.0,19
2233,403,5,1,1.2,22
2234,404,13,9,9.9,28
2235,404,12,4,7.0,24
2236,404,9,2,5.2,17
2237,404,7,12,13.5,23
2238,404,8,4,10.7,21
2239,404,1,14,6.4,19
2240,405,18,3,4.2,18
2241,405,12,2,4.1,19
2242,405,1,4,9.0,29
2243,405,13,11,7.9,27
2244,406,2,2,7.7,30
2245,406,10,3,4.6,21
2246,406,5,1,8.2,29
2247,406,9,1,6.8,21
2248,406,14,1,7.4,22
2249,406,13,1,8.1,26
2250,406,15,1,10.2,22
2251,406,12,3,9.8,20
2252,407,1,13,10.3,28
2253,407,16,6,1.6,26
2254,407,9,7,12.1,16
2255,407,18,5,4.9,20
2256,407,7,13,5.4,23
2257,407,13,4,13.5,21
2258,407,12,6,11.7,26
2259,408,8,4,9.6,19
2260,408,7,8,7.4,17
2261,408,12,14,6.0,28
2262,408,13,5,7.1,21
2263,408,16,12,9.4,18
2264,408,1,13,5.9,28
2265,409,13,3,6.1,20
2266,409,10,2,5.5,25
2267,409,7,2,3.5,18
2268,409,14,1,4.5,25
2269,410,12,8,12.6,16
2270,410,7,2,9.8,19
2271,410,1,11,3.1,19
2272,410,8,7,3.9,29
2273,410,16,8,7.3,18
2274,410,18,4,8.7,24
2275,410,9,10,7.4,27
2276,411,3,1,5.2,30
2277,411,9,2,6.4,29
2278,411,7,2,1.3,28
2279,411,1,3,8.0,29
2280,411,15,3,2.8,19
2281,412,5,2,9.0,30
2282,412,6,3,6.2,15
2283,412,7,2,7.8,30
2284,412,14,2,8.5,29
2285,412,3,3,3.9,19
2286,412,1,2,5.7,26
2287,412,2,1,6.8,25
2288,413,3,3,7.0,25
2289,413,6,1,6.1,21
2290,413,14,3,5.1,23
2291,414,7,2,4.2,23
2292,414,13,2,2.3,30
2293,414,9,1,3.8,27
2294,414,3,1,3.4,25
2295,414,11,3,6.7,29
2296,414,2,3,13.4,20
2297,415,4,2,1.5,16
2298,415,3,2,3.9,30
2299,415,12,3,12.4,22
2300,416,16,11,1.3,17
2301,416,18,2,4.4,28
2302,416,8,6,11.8,28
2303,416,13,3,10.5,30
2304,416,17,9,9.6,21
2305,417,12,2,9.8,15
2306,417,5,2,7.6,24
2307,417,3,2,10.0,16
2308,417,4,1,5.8,22
2309,417,1,1,3.3,18
2310,418,10,1,6.1,25
2311,418,8,1,4.0,22
2312,418,6,1,9.5,20
2313,419,3,3,5.4,15
2314,419,8,2,1.6,19
2315,419,11,1,10.2,27
2316,419,10,1,11.3,21
2317,419,2,1,8.6,23
2318,419,14,2,7.3,25
2319,420,17,4,3.8,20
2320,420,13,14,10.7,27
2321,420,16,13,3.6,29
2322,421,7,2,5.5,29
2323,421,5,1,5.4,19
2324,421,14,3,9.7,24
2325,421,4,1,9.7,20
2326,422,13,2,8.0,18
2327,422,11,1,5.2,23
2328,422,4,3,4.3,19
2329,422,7,2,13.3,30
2330,422,9,3,3.0,19
2331,422,2,2,7.4,16
2332,423,11,3,4.0,19
2333,423,8,3,5.7,19
2334,423,2,2,7.6,28
2335,423,7,1,8.5,28
2336,423,5,2,9.5,18
2337,424,12,3,7.5,23
2338,424,15,2,9.1,22
2339,424,11,1,4.6,25
2340,424,13,1,10.2,30
2341,425,8,9,5.4,23
2342,425,18,9,7.6,26
2343,425,13,10,3.6,16
2344,425,17,14,9.4,22
2345,425,16,3,1.9,30
2346,426,18,6,5.0,17
2347,426,17,14,8.1,20
2348,426,13,5,2.1,16
2349,426,16,14,8.2,20
2350,426,8,5,7.7,26
2351,427,9,2,3.8,17
2352,427,7,3,5.1,22
2353,427,5,3,8.7,21
2354,427,12,2,4.9,23
2355,427,13,3,6.4,19
2356,428,13,13,3.6,29
2357,428,8,3,9.1,26
2358,428,17,3,1.8,26
2359,429,18,2,2.4,21
2360,429,12,11,11.5,17
2361,429,1,4,4.3,18
2362,429,8,8,4.9,22
2363,429,16,12,6.5,27
2364,430,8,6,9.6,25
2365,430,18,8,5.2,15
2366,430,1,3,9.8,16
2367,430,16,12,13.1,29
2368,430,7,12,14.0,26
2369,431,11,2,5.1,17
2370,431,8,1,7.3,29
2371,431,13,3,12.6,30
2372,431,7,2,12.9,20
2373,431,6,3,10.4,20
2374,431,2,3,6.1,25
2375,431,5,3,3.1,18
2376,431,10,2,6.8,28
2377,432,1,3,1.6,23
2378,432,7,1,9.8,19
2379,432,3,3,9.0,23
2380,432,13,-2,7.2,23
2381,432,2,3,5.7,29
2382,433,11,3,13.3,25
2383,433,12,3,12.4,17
2384,433,8,2,5.6,18
2385,433,14,2,9.8,16
2386,433,10,1,4.3,24
2387,434,8,8,10.1,29
2388,434,1,5,12.8,26
2389,434,7,4,7.0,16
2390,434,18,5,2.9,23
2391,434,12,2,11.8,17
2392,434,9,13,4.5,21
2393,434,13,4,6.4,26
2394,434,16,13,11.4,26
2395,435,9,1,1.5,15
2396,435,10,2,6.3,22
2397,435,3,1,1.3,27
2398,435,2,1,12.3,30
2399,435,1,3,8.7,28
2400,435,5,1,13.2,19
2401,435,7,2,10.3,29
2402,435,8,3,2.2,20
2403,436,11,3,13.5,16
2404,436,8,2,11.3,16
2405,436,4,3,4.6,28
2406,436,1,1,11.6,26
2407,436,3,3,5.3,28
2408,436,12,1,6.0,20
2409,436,15,1,12.8,16
2410,437,6,2,1.9,22
2411,437,15,2,5.6,29
2412,437,13,2,5.1,27
2413,437,2,3,9.2,26
2414,437,5,2,12.7,30
2415,438,12,14,11.6,23
2416,438,18,14,6.7,18
2417,438,13,6,3.7,17
2418,438,16,6,9.2,19
2419,438,8,12,10.4,20
2420,438,9,10,6.2,24
2421,439,10,2,9.9,24
2422,439,14,3,11.0,21
2423,439,11,1,3.7,28
2424,439,12,1,9.1,15
2425,439,5,2,3.1,17
2426,439,4,2,11.2,23
2427,439,7,1,3.1,25
2428,439,9,3,6.4,30
2429,440,18,8,5.2,26
2430,440,13,4,10.9,22
2431,440,9,7,7.9,29
2432,440,1,2,3.7,30
2433,440,7,11,12.0,22
2434,440,12,8,13.3,24
2435,440,16,11,8.7,27
2436,440,8,12,13.7,27
2437,441,17,6,8.4,24
2438,441,13,9,5.2,17
2439,441,8,11,4.7,23
2440,442,7,3,7.7,26
2441,442,2,1,11.7,15
2442,442,9,2,13.8,19
2443,442,3,3,6.7,22
2444,443,1,8,1.6,21
2445,443,8,14,4.2,15
2446,443,7,6,6.6,28
2447,443,13,4,1.9,16
2448,444,15,3,11.9,27
2449,444,4,3,1.4,19
2450,444,1,3,7.0,20
2451,444,9,2,9.7,20
2452,445,18,12,4.0,20
2453,445,7,12,13.5,25
2454,445,8,7,8.7,25
2455,445,16,10,12.7,22
2456,445,9,8,5.3,28
2457,445,1,6,1.3,30
2458,446,2,2,9.3,30
2459,446,10,2,7.9,27
2460,446,13,2,10.9,21
2461,446,7,3,2.8,27
2462,446,11,1,4.7,29
2463,447,18,5,12.6,27
2464,447,1,9,3.9,24
2465,447,9,8,9.0,16
2466,447,12,5,10.2,20
2467,447,7,6,5.1,22
2468,447,13,6,10.5,21
2469,447,16,14,1.1,23
2470,448,12,5,8.1,16
2471,448,8,4,1.3,18
2472,448,9,10,13.4,22
2473,448,7,13,10.2,19
2474,449,16,9,11.9,17
2475,449,8,2,9.6,29
2476,449,13,6,9.3,22
2477,449,17,3,12.2,29
2478,449,18,14,9.9,23
2479,450,9,7,11.8,28
2480,450,16,14,13.0,15
2481,450,1,2,7.5,24
2482,450,12,9,3.0,16
2483,451,5,1,12.2,15
2484,451,15,2,1.1,30
2485,451,12,3,8.8,22
2486,451,2,3,2.4,29
2487,451,13,3,10.8,28
2488,452,1,4,4.2,29
2489,452,13,7,6.5,30
2490,452,12,2,5.5,24
2491,452,8,9,13.1,20
2492,452,9,11,11.4,24
2493,453,16,3,6.5,15
2494,453,12,11,8.9,17
2495,453,7,11,4.7,22
2496,453,13,14,1.6,18
2497,453,8,3,1.1,26
2498,453,1,11,9.5,27
2499,453,18,7,9.2,21
2500,454,10,2,3.5,28
2501,454,6,1,7.6,18
2502,454,5,2,2.6,18
2503,454,13,2,1.9,23
2504,455,12,1,13.2,18
2505,455,14,2,11.8,21
2506,455,15,1,8.7,25
2507,456,17,14,7.0,23
2508,456,16,2,7.6,29
2509,456,8,3,5.3,20
2510,457,12,4,9.2,22
2511,457,9,9,10.2,21
2512,457,7,10,10.9,29
2513,457,1,14,11.7,24
2514,457,16,8,1.3,19
2515,457,13,5,13.8,18
2516,457,8,5,4.0,26
2517,457,18,3,8.3,15
2518,458,8,2,9.9,27
2519,458,12,8,9.4,20
2520,458,7,12,1.8,17
2521,458,18,13,14.0,29
2522,458,13,13,10.1,18
2523,458,1,9,8.9,21
2524,458,9,13,5.1,26
2525,459,13,1,10.4,27
2526,459,1,3,13.6,19
2527,459,6,3,8.1,26
2528,460,13,5,9.8,18
2529,460,18,7,5.6,24
2530,460,9,7,3.1,23
2531,460,16,12,5.4,25
2532,460,12,8,8.8,20
2533,460,7,8,6.0,18
2534,460,1,13,5.9,21
2535,460,8,5,11.4,19
2536,461,14,2,12.7,16
2537,461,13,1,6.1,20
2538,461,8,2,12.8,16
2539,462,12,11,7.3,15
2540,462,13,5,6.5,30
2541,462,8,6,13.3,20
2542,462,9,11,13.4,22
2543,462,1,8,10.4,27
2544,462,7,5,9.8,21
2545,462,16,10,8.3,16
2546,463,7,3,2.3,19
2547,463,1,2,4.6,21
2548,463,14,1,2.1,21
2549,463,2,3,12.8,24
2550,463,13,1,13.3,28
2551,463,10,2,11.5,26
2552,463,15,2,4.3,21
2553,464,1,9,7.1,27
2554,464,16,7,5.4,15
2555,464,18,6,12.3,18
2556,464,13,12,7.7,15
2557,464,12,7,9.5,30
2558,464,9,9,5.1,25
2559,464,7,3,10.1,18
2560,464,8,12,9.3,17
2561,465,17,7,12.1,24
2562,465,18,6,11.4,30
2563,465,8,4,3.8,21
2564,465,13,7,1.5,16
2565,466,14,2,2.0,22
2566,466,3,3,10.1,28
2567,466,12,1,12.1,23
2568,467,16,2,13.8,20
2569,467,18,9,6.7,25
2570,467,13,9,1.3,21
2571,467,8,8,7.8,23
2572,468,13,1,4.9,26
2573,468,6,3,14.0,25
2574,468,14,2,11.3,27
2575,468,7,2,5.0,18
2576,468,1,1,9.9,27
2577,468,8,2,5.4,23
2578,469,13,8,2.5,17
2579,469,8,3,5.7,27
2580,469,9,3,12.5,29
2581,469,12,10,10.7,19
2582,469,7,14,11.6,20
2583,469,16,11,10.8,23
2584,470,16,10,1.6,27
2585,470,8,4,13.1,25
2586,470,18,12,2.2,26
2587,470,9,4,7.4,20
2588,470,13,11,5.5,29
2589,470,12,3,6.0,18
2590,470,1,3,1.9,15
2591,471,5,2,10.8,26
2592,471,13,3,1.8,18
2593,471,14,2,13.7,19
2594,471,8,1,11.7,25
2595,472,12,6,7.2,19
2596,472,18,4,10.2,16
2597,472,9,5,9.4,22
2598,472,16,14,4.8,25
2599,472,7,13,6.7,15
2600,473,13,8,4.2,30
2601,473,18,2,7.9,27
2602,473,8,5,10.8,15
2603,473,7,8,13.2,30
2604,473,12,3,5.3,29
2605,473,16,7,13.3,18
2606,474,5,1,7.7,30
2607,474,14,3,13.5,16
2608,474,9,3,13.8,24
2609,474,4,2,2.7,30
2610,474,2,1,12.2,26
2611,474,10,3,4.8,23
2612,474,12,1,10.3,26
2613,475,13,3,7.1,26
2614,475,6,3,1.9,16
2615,475,3,2,14.0,15
2616,475,2,1,4.8,22
2617,475,10,3,9.7,27
2618,475,7,2,2.5,17
2619,476,18,8,10.8,26
2620,476,1,5,4.1,16
2621,476,13,14,8.4,19
2622,476,7,5,8.4,27
2623,476,16,5,9.5,18
2624,476,8,8,3.5,27
2625,477,1,11,14.0,24
2626,477,8,8,10.6,21
2627,477,9,8,9.2,28
2628,477,12,3,4.4,22
2629,477,18,9,9.0,15
2630,477,13,7,6.5,23
2631,477,7,9,9.1,29
2632,477,16,4,13.6,23
2633,478,1,12,11.3,22
2634,478,8,10,12.8,23
2635,478,13,3,11.5,27
2636,478,16,2,11.3,22
2637,478,12,12,2.1,21
2638,478,18,14,9.2,28
2639,478,9,11,13.8,17
2640,478,7,2,5.3,22
2641,479,7,2,2.8,18
2642,479,12,11,10.1,18
2643,479,13,14,7.1,28
2644,479,18,12,99.0,15
2645,479,8,2,13.5,15
2646,479,9,7,9.4,25
2647,479,16,6,5.6,17
2648,480,13,1,9.9,26
2649,480,6,2,10.1,17
2650,480,12,3,11.1,20
2651,481,7,13,12.5,28
2652,481,8,11,2.7,25
2653,481,12,12,1.6,29
2654,481,1,13,4.2,28
2655,481,9,14,9.9,19
2656,481,16,10,3.3,28
2657,481,13,14,12.3,15
2658,481,18,9,12.1,21
2659,482,13,2,2.2,30
2660,482,11,3,4.1,19
2661,482,6,2,13.0,21
2662,482,15,1,5.3,27
2663,483,7,3,12.9,25
2664,483,15,1,12.0,21
2665,483,1,1,3.6,30
2666,483,14,1,6.9,29
2667,483,9,1,6.8,15
2668,483,4,1,9.8,29
2669,483,10,3,5.8,17
2670,483,11,3,6.6,16
2671,484,11,3,3.3,21
2672,484,2,3,2.3,27
2673,484,6,3,13.5,27
2674,484,1,2,13.7,22
2675,484,12,2,12.4,21
2676,484,3,2,13.2,23
2677,484,13,2,12.6,17
2678,484,10,1,10.4,24
2679,485,12,3,3.9,30
2680,485,6,1,4.4,23
2681,485,11,3,11.9,24
2682,485,1,2,1.9,22
2683,485,15,3,8.5,29
2684,486,7,3,1.6,25
2685,486,5,3,10.8,21
2686,486,8,2,3.6,30
2687,486,4,1,7.0,25
2688,486,9,3,1.3,28
2689,486,1,3,6.1,30
2690,486,10,3,11.5,19
2691,487,8,2,2.6,17
2692,487,6,3,1.4,25
2693,487,11,3,13.7,20
2694,487,5,3,5.2,16
2695,488,7,13,10.4,28
2696,488,9,3,6.7,27
2697,488,12,9,1.4,15
2698,488,1,8,8.2,28
2699,488,18,3,3.6,17
2700,488,8,14,1.7,15
2701,488,13,6,6.7,19
2702,488,16,14,4.5,20
2703,489,6,1,2.5,16
2704,489,4,1,2.5,16
2705,489,8,3,9.9,16
2706,489,13,2,4.9,19
2707,489,11,2,3.4,18
2708,490,11,2,4.9,19
2709,490,1,2,3.0,21
2710,490,14,2,13.0,28
2711,490,8,3,13.9,19
2712,490,12,2,9.0,18
2713,490,3,1,4.6,22
2714,490,10,1,2.5,25
2715,490,5,3,10.9,24
2716,491,8,2,13.4,22
2717,491,4,1,10.6,20
2718,491,6,1,6.5,21
2719,491,13,3,1.9,20
2720,491,15,3,3.8,26
2721,491,7,3,7.8,29
2722,491,11,2,11.9,24
2723,492,13,3,1.5,30
2724,492,8,1,9.6,27
2725,492,12,3,6.1,21
2726,492,9,3,11.5,29
2727,492,15,1,12.6,17
2728,492,10,1,6.4,15
2729,492,14,3,10.3,27
2730,492,11,3,9.0,18
2731,493,13,1,3.1,30
2732,493,3,1,9.8,22
2733,493,2,1,3.3,19
2734,494,15,2,13.9,17
2735,494,10,1,7.4,28
2736,494,6,2,1.1,24
2737,494,14,1,8.1,20
2738,494,13,2,3.2,20
2739,494,4,2,2.3,22
2740,495,7,10,9.0,23
2741,495,8,4,2.4,20
2742,495,12,10,7.2,26
2743,495,13,5,11.0,20
2744,495,18,14,5.3,22
2745,495,9,5,2.3,18
2746,496,7,4,13.6,23
2747,496,13,4,11.1,21
2748,496,16,6,8.0,30
2749,496,8,2,8.7,28
2750,497,7,11,6.7,18
2751,497,8,5,6.8,15
2752,497,12,2,3.2,29
2753,497,13,3,9.4,20
2754,497,1,7,3.2,23
2755,497,9,6,13.5,29
2756,497,18,12,2.0,28
2757,498,1,3,3.8,30
2758,498,6,2,11.1,28
2759,498,12,2,5.9,15
2760,499,4,1,13.3,30
2761,499,6,2,5.5,25
2762,499,12,2,12.8,16
2763,499,7,3,7.6,23
2764,499,9,1,10.4,22
2765,500,7,4,6.2,24
2766,500,1,6,12.8,16
2767,500,8,10,13.6,19
2768,500,9,3,1.1,21
2769,500,12,9,11.3,28
2770,501,9,3,10.0,17
2771,501,13,3,13.7,22
2772,501,8,1,12.0,15
2773,501,12,1,12.2,16
2774,501,3,1,3.0,26
2775,502,11,2,11.5,30
2776,502,5,2,2.9,22
2777,502,4,2,11.1,23
2778,502,13,3,2.0,26
2779,502,8,3,2.9,15
2780,502,14,1,6.5,29
2781,502,10,3,1.7,27
2782,503,12,3,7.4,22
2783,503,11,1,1.2,15
2784,503,7,1,9.9,25
2785,503,8,1,9.6,26
2786,503,2,1,11.8,27
2787,504,14,3,1.6,19
2788,504,4,3,13.6,19
2789,504,6,3,12.4,18
2790,504,12,2,13.6,16
2791,504,11,1,2.3,25
2792,504,9,2,8.5,15
2793,505,11,2,9.4,22
2794,505,7,3,1.6,18
2795,505,3,1,8.3,29
2796,505,10,3,7.3,22
2797,506,8,1,10.0,16
2798,506,3,2,11.3,20
2799,506,15,2,8.4,16
2800,506,11,3,2.9,28
2801,507,4,3,8.2,18
2802,507,9,3,10.2,25
2803,507,1,1,4.8,16
2804,508,12,3,3.7,21
2805,508,15,2,1.8,23
2806,508,5,1,11.3,17
2807,509,8,10,8.0,26
2808,509,12,13,10.3,28
2809,509,1,8,5.0,19
2810,509,18,3,5.9,21
2811,509,9,12,99.0,27
2812,509,16,4,6.2,17
2813,509,7,6,3.0,19
2814,510,18,5,12.6,27
2815,510,9,4,12.7,18
2816,510,8,14,8.7,29
2817,510,1,8,1.0,29
2818,510,7,8,5.3,19
2819,510,12,10,5.3,25
2820,511,7,5,2.2,21
2821,511,1,12,6.5,20
2822,511,8,13,3.8,28
2823,511,18,11,2.3,27
2824,511,13,6,9.8,22
2825,511,16,5,10.5,26
2826,511,12,10,7.8,29
2827,511,9,14,13.9,24
2828,512,13,4,11.1,27
2829,512,7,8,9.8,17
2830,512,9,4,6.0,18
2831,512,18,11,4.7,15
2832,512,16,7,2.7,23
2833,513,18,14,5.5,27
2834,513,13,14,8.0,17
2835,513,16,11,2.3,19
2836,513,17,10,6.0,30
2837,513,8,5,12.8,17
2838,514,1,1,4.6,20
2839,514,9,3,11.4,15
2840,514,4,3,7.2,20
2841,514,6,2,6.0,17
2842,514,10,1,8.8,18
2843,514,5,2,11.1,25
2844,514,7,3,3.3,28
2845,515,13,1,13.2,17
2846,515,3,2,2.3,29
2847,515,2,1,7.2,19
2848,515,7,1,2.0,17
2849,515,11,2,1.4,27
2850,515,15,3,10.3,28
2851,515,5,2,10.4,27
2852,515,4,3,10.3,23
2853,516,6,1,6.9,29
2854,516,3,2,4.0,17
2855,516,11,1,1.1,24
2856,516,13,3,11.3,17
2857,517,9,7,11.9,15
2858,517,18,14,5.2,15
2859,517,7,6,8.8,29
2860,517,1,7,5.9,18
2861,517,8,3,10.8,20
2862,517,12,9,10.9,19
2863,518,18,14,4.3,15
2864,518,1,5,12.0,25
2865,518,16,7,10.8,29
2866,518,9,13,10.3,20
2867,518,8,13,13.8,26
2868,518,12,10,10.0,18
2869,518,13,10,4.3,27
2870,518,7,5,6.1,26
2871,519,5,2,6.3,29
2872,519,12,2,9.3,29
2873,519,4,3,2.2,20
2874,519,7,1,11.1,27
2875,519,14,1,7.8,30
2876,520,13,6,12.7,30
2877,520,16,10,10.1,17
2878,520,18,6,11.5,16
2879,520,8,2,8.4,16
2880,521,5,1,10.7,22
2881,521,12,3,8.6,27
2882,521,1,1,3.4,15
2883,521,6,2,4.2,22
2884,521,15,2,5.2,18
2885,522,17,4,1.7,19
2886,522,13,5,11.9,18
2887,522,18,11,9.7,16
2888,523,2,3,5.7,21
2889,523,10,1,8.9,27
2890,523,7,2,5.9,25
2891,524,1,1,8.1,29
2892,524,9,1,1.5,28
2893,524,3,3,6.9,26
2894,524,4,2,4.8,15
2895,524,8,2,11.3,19
2896,524,13,3,6.4,17
2897,524,14,2,11.7,25
2898,525,13,3,4.1,20
2899,525,11,3,7.3,20
2900,525,14,1,4.7,16
2901,525,2,3,4.9,15
2902,525,15,1,1.0,18
2903,526,2,2,10.9,16
2904,526,3,2,8.8,24
2905,526,9,3,13.3,17
2906,526,5,2,9.1,30
2907,526,15,3,3.8,28
2908,526,13,2,13.5,27
2909,526,7,2,12.1,29
2910,527,13,3,6.3,26
2911,527,15,1,7.9,29
2912,527,6,2,3.7,29
2913,527,12,3,9.1,25
2914,527,14,1,3.8,20
2915,528,2,3,6.5,25
2916,528,9,1,8.2,15
2917,528,6,2,13.6,25
2918,528,1,3,8.2,18
2919,528,11,1,8.1,16
2920,528,7,2,12.3,29
2921,528,14,1,2.5,24
2922,529,13,11,6.3,26
2923,529,9,7,7.3,25
2924,529,12,3,6.5,15
2925,529,18,13,6.1,18
2926,529,8,11,5.4,29
2927,530,6,1,8.5,23
2928,530,3,2,6.2,23
2929,530,14,2,4.2,25
2930,530,4,3,9.0,20
2931,530,11,2,7.6,29
2932,530,1,1,3.8,28
2933,530,2,1,13.2,21
2934,530,13,2,6.7,18
2935,531,11,1,9.8,23
2936,531,12,1,10.8,29
2937,531,13,1,11.8,16
2938,531,10,1,12.5,25
2939,531,15,1,6.8,20
2940,532,16,9,10.4,21
2941,532,13,5,7.9,29
2942,532,7,6,1.4,30
2943,532,12,6,3.6,28
2944,532,8,3,4.1,28
2945,532,1,4,13.6,21
2946,532,18,2,7.5,20
2947,532,9,14,11.6,26
2948,533,8,4,4.8,29
2949,533,7,3,3.2,21
2950,533,9,7,6.8,28
2951,533,18,10,2.0,21
2952,533,1,5,12.7,23
2953,533,16,5,1.3,24
2954,533,13,12,11.8,28
2955,533,12,4,13.0,15
2956,534,1,2,4.1,20
2957,534,6,3,13.6,24
2958,534,14,1,8.4,19
2959,534,5,3,10.6,27
2960,535,13,2,9.2,25
2961,535,1,2,6.6,16
2962,535,12,2,3.4,15
2963,535,11,3,5.0,15
2964,535,2,2,4.9,23
2965,535,10,3,4.4,17
2966,536,14,1,8.3,24
2967,536,11,2,3.0,27
2968,536,13,3,8.3,17
2969,536,3,2,2.8,17
2970,536,10,3,6.0,25
2971,536,5,1,4.6,30
2972,536,6,2,4.7,18
2973,537,12,1,9.1,16
2974,537,3,2,9.5,28
2975,537,9,3,4.5,17
2976,538,18,3,13.6,20
2977,538,1,7,6.2,26
2978,538,7,5,3.2,26
2979,538,8,4,12.8,22
2980,538,12,3,3.1,22
2981,539,10,2,12.8,21
2982,539,15,1,3.3,15
2983,539,9,2,7.8,17
2984,539,11,2,6.7,30
2985,539,8,2,7.8,23
2986,539,1,2,8.1,22
2987,539,7,3,3.7,29
2988,540,12,2,1.4,19
2989,540,15,3,10.2,18
2990,540,6,2,5.6,17
2991,540,8,3,1.9,21
2992,541,18,11,8.9,21
2993,541,9,2,13.0,17
2994,541,7,5,4.9,15
2995,541,12,7,4.1,16
2996,541,8,12,3.3,22
2997,541,16,7,12.9,18
2998,541,13,10,8.0,22
2999,541,1,9,8.1,24
3000,542,4,1,3.9,22
3001,542,9,2,10.8,17
3002,542,1,3,4.9,26
3003,543,10,3,6.6,25
3004,543,4,1,5.7,29
3005,543,2,1,8.3,23
3006,543,3,3,7.6,17
3007,543,11,3,3.4,21
3008,543,7,1,7.6,20
3009,543,13,3,11.7,24
3010,543,12,3,12.9,18
3011,544,8,1,9.6,16
3012,544,13,3,5.7,26
3013,544,3,1,13.8,24
3014,544,5,2,12.7,26
3015,544,6,3,4.6,22
3016,544,2,3,4.3,16
3017,544,12,3,12.1,19
3018,544,1,2,2.9,28
3019,545,8,9,4.1,27
3020,545,18,5,13.7,29
3021,545,17,2,4.1,17
3022,546,11,3,4.8,20
3023,546,12,2,4.5,26
3024,546,4,3,5.5,22
3025,546,9,3,3.4,22
3026,546,3,2,5.2,22
3027,546,13,2,10.3,29
3028,546,10,2,13.5,17
3029,546,6,3,10.6,26
3030,547,16,3,10.0,27
3031,547,13,14,3.3,19
3032,547,9,14,5.9,18
3033,547,12,6,11.3,27
3034,547,8,9,12.4,22
3035,547,18,4,10.7,16
3036,547,1,3,13.3,17
3037,548,3,2,8.0,27
3038,548,6,3,4.4,18
3039,548,4,2,13.1,25
3040,548,11,2,7.7,27
3041,549,9,1,9.8,24
3042,549,13,1,5.5,24
3043,549,6,3,8.4,25
3044,549,11,1,9.5,22
3045,549,14,2,7.0,27
3046,549,7,3,9.5,24
3047,550,13,11,5.0,16
3048,550,8,12,6.0,22
3049,550,9,10,11.5,26
3050,550,18,11,11.7,27
3051,551,16,5,7.5,28
3052,551,18,3,4.4,25
3053,551,8,6,9.4,29
3054,551,17,10,9.8,19
3055,551,13,8,11.3,25
3056,552,1,5,5.1,27
3057,552,18,9,3.1,20
3058,552,16,11,11.6,27
3059,552,9,8,12.1,18
3060,552,13,3,1.2,16
3061,553,12,14,13.2,15
3062,553,9,3,3.1,24
3063,553,16,11,6.6,26
3064,553,8,2,5.0,18
3065,554,13,8,6.3,30
3066,554,1,2,13.2,26
3067,554,9,4,8.2,15
3068,554,16,3,5.8,23
3069,554,12,11,6.3,29
3070,554,8,13,5.8,21
3071,554,7,2,4.5,23
3072,555,8,2,1.9,23
3073,555,11,1,7.6,19
3074,555,13,2,7.2,19
3075,555,10,3,4.7,19
3076,556,10,1,12.7,22
3077,556,3,1,6.5,28
3078,556,14,1,6.0,22
3079,556,8,2,4.8,28
3080,557,18,7,1.1,22
3081,557,9,9,9.1,16
3082,557,16,11,11.4,26
3083,557,1,8,8.8,21
3084,558,9,2,5.2,22
3085,558,10,1,3.7,26
3086,558,12,1,4.9,30
3087,558,14,2,7.1,29
3088,558,5,1,5.3,22
3089,559,13,3,12.2,22
3090,559,8,4,9.0,28
3091,559,7,4,11.2,26
3092,559,16,4,4.1,17
3093,560,17,6,12.3,18
3094,560,8,10,6.3,20
3095,560,16,3,11.6,29
3096,561,1,2,5.2,20
3097,561,10,2,12.1,25
3098,561,3,1,3.1,21
3099,561,13,2,7.6,25
3100,561,11,2,13.2,23
3101,562,1,3,2.1,27
3102,562,5,1,6.3,26
3103,562,11,3,4.9,21
3104,562,8,2,4.3,16
3105,563,8,3,1.7,17
3106,563,9,2,9.6,24
3107,563,1,12,10.3,30
3108,563,18,8,13.2,28
3109,563,7,4,5.5,19
3110,563,13,2,10.2,15
3111,564,15,3,13.4,21
3112,564,10,2,12.1,24
3113,564,14,3,9.0,17
3114,564,2,3,9.5,26
3115,564,13,3,8.7,22
3116,564,6,3,13.9,20
3117,564,12,1,2.7,16
3118,564,1,2,13.6,16
3119,565,16,8,12.8,17
3120,565,12,13,13.0,21
3121,565,8,2,6.9,20
3122,565,18,7,8.2,18
3123,566,2,1,5.9,17
3124,566,4,2,4.0,23
3125,566,7,3,8.2,27
3126,566,5,3,5.2,19
3127,566,13,1,10.7,18
3128,566,9,1,5.9,18
3129,566,12,2,2.5,15
3130,567,1,11,8.9,22
3131,567,12,13,14.0,20
3132,567,16,10,2.6,19
3133,567,8,9,8.1,27
3134,567,18,11,4.4,27
3135,567,13,6,99.0,27
3136,568,7,1,8.1,22
3137,568,10,1,10.4,24
3138,568,8,3,1.9,25
3139,568,9,3,4.2,27
3140,568,5,2,3.7,24
3141,568,13,3,8.0,24
3142,568,6,3,1.9,19
3143,568,1,1,3.1,21
3144,569,16,11,5.9,27
3145,569,18,10,12.5,16
3146,569,12,12,10.1,16
3147,569,9,4,7.9,27
3148,570,14,2,11.5,19
3149,570,6,3,6.1,29
3150,570,3,3,10.3,15
3151,570,5,3,7.5,21
3152,570,15,3,4.5,29
3153,570,13,3,13.7,29
3154,570,4,2,6.4,28
3155,571,12,2,2.9,19
3156,571,10,1,3.9,18
3157,571,5,1,13.4,29
3158,571,7,1,11.5,28
3159,571,2,2,3.8,22
3160,571,4,1,5.1,17
3161,572,7,3,5.1,18
3162,572,13,1,10.5,30
3163,572,11,3,2.0,30
3164,572,14,2,4.2,15
3165,572,12,3,3.5,29
3166,572,5,2,5.3,15
3167,572,9,3,3.4,21
3168,572,15,3,1.2,21
3169,573,12,6,7.3,28
3170,573,8,6,10.2,27
3171,573,16,14,7.9,16
3172,573,9,11,4.3,15
3173,573,13,12,4.4,27
3174,573,18,2,2.4,18
3175,573,7,4,3.7,17
3176,573,1,4,3.8,22
3177,574,18,12,10.6,25
3178,574,9,2,4.3,26
3179,574,12,10,9.2,16
3180,574,8,8,12.4,26
3181,574,16,14,13.5,18
3182,575,10,1,4.5,25
3183,575,7,2,2.6,22
3184,575,11,3,7.0,17
3185,575,12,2,12.0,29
3186,575,1,2,11.6,18
3187,575,4,2,3.4,16
3188,575,6,3,12.0,18
3189,575,8,1,9.3,30
3190,576,13,2,6.1,24
3191,576,9,3,13.5,23
3192,576,15,3,3.9,17
3193,576,10,3,13.7,16
3194,576,1,3,6.5,30
3195,576,14,1,10.1,19
3196,577,6,3,7.6,18
3197,577,2,3,11.6,19
3198,577,4,3,12.9,24
3199,577,8,3,10.4,27
3200,577,1,1,11.4,24
3201,578,18,12,4.0,18
3202,578,16,2,12.8,25
3203,578,7,9,13.4,26
3204,578,1,4,7.1,26
3205,578,13,8,11.2,24
3206,578,12,7,2.9,15
3207,579,8,12,10.4,18
3208,579,12,3,10.9,17
3209,579,16,8,5.8,24
3210,579,1,3,2.6,26
3211,580,4,3,2.8,21
3212,580,13,1,7.2,19
3213,580,7,2,11.5,28
3214,580,6,1,13.0,30
3215,580,15,3,3.3,25
3216,580,9,2,4.2,16
3217,580,1,1,8.3,30
3218,581,4,3,9.1,18
3219,581,14,1,12.2,25
3220,581,11,-2,4.6,25
3221,581,3,1,3.7,19
3222,581,9,2,12.9,30
3223,581,2,3,6.6,21
3224,581,1,1,12.1,29
3225,582,4,3,5.7,18
3226,582,15,1,13.7,18
3227,582,2,1,3.9,29
3228,582,6,3,9.9,19
3229,582,7,1,1.4,17
3230,583,13,2,6.2,19
3231,583,8,3,13.5,23
3232,583,11,3,1.1,29
3233,583,12,2,9.6,27
3234,583,10,3,1.4,20
3235,584,7,3,4.5,16
3236,584,12,3,3.6,15
3237,584,6,2,1.3,21
3238,584,10,3,10.4,26
3239,584,11,3,13.8,27
3240,585,16,10,4.5,23
3241,585,18,8,13.3,21
3242,585,17,-2,6.8,16
3243,585,8,7,4.6,27
3244,585,13,4,3.8,26
3245,586,6,1,11.0,26
3246,586,15,1,6.3,24
3247,586,4,2,2.8,23
3248,586,8,2,3.0,23
3249,587,12,2,12.8,28
3250,587,16,9,4.4,22
3251,587,7,14,8.1,21
3252,587,18,7,12.0,29
3253,587,9,6,11.7,15
3254,587,8,9,13.8,20
3255,588,11,1,3.7,22
3256,588,6,1,3.3,16
3257,588,9,3,13.1,16
3258,588,1,1,9.2,18
3259,589,6,1,4.7,15
3260,589,9,2,8.0,26
3261,589,11,1,6.5,30
3262,590,7,13,6.3,27
3263,590,18,3,4.8,30
3264,590,12,11,11.2,20
3265,590,1,8,8.3,17
3266,590,9,11,11.6,28
3267,590,16,6,11.8,26
3268,590,8,6,3.4,20
3269,591,18,7,1.4,25
3270,591,9,4,9.4,29
3271,591,16,5,9.8,22
3272,591,1,8,10.0,15
3273,592,16,7,6.4,28
3274,592,17,2,7.1,24
3275,592,13,14,5.0,30
3276,592,8,7,9.9,18
3277,592,18,4,5.5,16
3278,593,15,1,4.2,24
3279,593,7,1,11.0,24
3280,593,8,3,11.9,29
3281,593,4,3,9.7,29
3282,593,1,3,10.1,18
3283,593,2,1,10.3,15
3284,593,14,2,7.5,17
3285,593,12,1,5.0,24
3286,594,14,2,11.8,21
3287,594,9,1,13.9,18
3288,594,10,3,13.7,23
3289,594,13,2,7.0,21
3290,594,2,3,11.3,22
3291,594,11,3,13.1,18
3292,594,1,1,1.2,21
3293,595,13,4,9.4,18
3294,595,1,2,10.4,27
3295,595,12,9,7.1,15
3296,595,16,13,11.0,21
3297,596,5,3,6.1,25
3298,596,1,2,2.0,17
3299,596,8,1,12.2,22
3300,596,15,1,6.3,25
3301,597,5,3,8.5,29
3302,597,13,3,5.1,20
3303,597,4,3,10.9,24
3304,598,5,3,6.7,27
3305,598,2,3,3.3,24
3306,598,3,1,6.5,17
3307,598,1,3,6.6,27
3308,598,13,3,4.9,26
3309,598,12,2,13.3,16
3310,599,2,3,6.9,24
3311,599,13,1,6.0,27
3312,599,15,1,11.7,15
3313,599,5,1,10.0,28
3314,599,6,3,8.0,25
3315,599,12,2,8.4,18
3316,599,3,3,1.4,23
3317,600,9,14,11.1,26
3318,600,1,4,1.5,29
3319,600,12,8,5.9,15
3320,600,13,4,3.9,15
3321,600,8,6,10.0,16
3322,600,16,11,1.6,17
3323,600,7,7,2.6,16
3324,600,18,3,7.2,27
3325,601,15,2,1.5,27
3326,601,4,1,11.5,19
3327,601,13,2,5.8,21
3328,601,12,3,12.2,15
3329,601,3,1,5.8,20
3330,602,13,2,12.7,30
3331,602,8,3,2.9,17
3332,602,14,1,9.8,24
3333,602,4,2,6.5,29
3334,603,15,2,1.5,23
3335,603,12,3,8.9,30
3336,603,13,2,2.0,23
3337,603,14,3,13.9,17
3338,603,5,3,13.5,21
3339,603,10,2,13.2,25
3340,603,1,1,7.8,28
3341,604,14,3,5.4,30
3342,604,7,1,13.0,23
3343,604,10,1,4.7,17
3344,604,9,2,11.1,18
3345,605,2,2,1.8,20
3346,605,12,2,4.4,25
3347,605,1,2,2.6,21
3348,605,6,2,6.7,30
3349,605,5,3,11.4,18
3350,605,13,1,3.9,30
3351,606,4,2,2.3,19
3352,606,11,3,11.0,26
3353,606,14,1,1.5,26
3354,606,8,1,7.4,16
3355,606,12,2,6.9,21
3356,606,1,3,9.2,23
3357,606,7,2,3.2,17
3358,607,13,2,7.5,21
3359,607,10,3,13.4,30
3360,607,1,1,3.2,20
3361,607,8,3,13.6,29
3362,607,5,1,6.3,19
3363,608,1,3,1.8,28
3364,608,18,14,13.9,30
3365,608,16,6,12.1,27
3366,608,8,6,8.6,20
3367,609,7,1,2.0,16
3368,609,4,2,1.6,21
3369,609,1,3,13.8,23
3370,609,15,1,10.3,23
3371,609,11,2,4.1,19
3372,609,12,2,5.6,20
3373,609,5,2,1.9,23
3374,609,2,1,6.1,24
3375,610,11,3,5.7,17
3376,610,12,1,9.2,23
3377,610,6,1,10.8,23
3378,610,15,2,4.0,16
3379,610,10,2,3.9,25
3380,611,8,13,12.4,20
3381,611,1,10,7.4,20
3382,611,13,5,6.2,27
3383,611,7,13,11.7,25
3384,611,16,6,7.8,21
3385,611,9,2,1.8,29
3386,612,18,6,5.4,27
3387,612,16,6,9.5,21
3388,612,9,7,5.4,17
3389,612,13,6,9.8,25
3390,613,11,3,9.6,23
3391,613,13,1,12.0,29
3392,613,14,3,8.8,30
3393,613,5,2,3.4,16
3394,613,6,3,12.6,22
3395,613,10,1,6.3,28
3396,613,12,1,12.1,26
3397,613,7,2,2.9,29
3398,614,8,1,8.7,16
3399,614,10,1,10.5,27
3400,614,9,2,12.4,25
3401,615,7,1,4.5,25
3402,615,12,3,12.1,30
3403,615,14,3,9.2,21
3404,615,13,3,10.2,22
3405,615,9,2,11.9,16
3406,616,7,11,6.0,22
3407,616,12,14,12.6,26
3408,616,8,14,5.8,26
3409,616,1,4,7.0,15
3410,616,13,9,5.3,23
3411,616,16,12,9.5,15
3412,616,18,10,12.4,26
3413,617,17,14,4.6,16
3414,617,16,12,4.2,15
3415,617,13,9,1.2,29
3416,617,8,3,5.9,20
3417,617,18,11,13.4,19
3418,618,18,7,5.5,26
3419,618,1,9,10.4,28
3420,618,8,12,9.9,26
3421,618,9,9,6.8,23
3422,618,13,2,13.8,18
3423,618,12,14,7.4,24
3424,618,7,11,3.2,15
3425,618,16,5,9.4,29
3426,619,7,3,7.8,24
3427,619,3,2,10.3,22
3428,619,14,2,11.3,21
3429,619,11,3,5.5,26
3430,620,1,4,11.5,19
3431,620,9,9,4.5,18
3432,620,12,8,2.6,28
3433,620,16,9,13.9,24
3434,620,13,10,8.5,19
3435,620,18,2,7.6,28
3436,620,7,5,7.1,24
3437,621,7,3,6.2,27
3438,621,9,2,5.8,23
3439,621,15,1,4.6,18
3440,621,4,2,3.0,21
3441,621,1,2,8.0,16
3442,621,5,1,2.4,19
3443,622,1,1,5.4,30
3444,622,3,1,13.0,18
3445,622,4,3,6.6,19
3446,622,10,2,8.2,29
3447,622,14,3,6.3,22
3448,622,6,1,12.3,25
3449,622,11,3,3.1,30
3450,623,12,3,7.6,28
3451,623,11,3,3.6,28
3452,623,14,3,8.0,23
3453,623,2,2,6.3,26
3454,623,4,2,13.7,23
3455,623,3,2,1.2,25
3456,623,8,1,12.6,17
3457,623,6,1,12.4,22
3458,624,16,11,7.8,25
3459,624,17,6,5.0,23
3460,624,18,14,10.3,18
3461,624,8,8,3.4,21
3462,624,13,5,3.9,23
3463,625,4,1,5.5,22
3464,625,15,2,7.3,17
3465,625,12,3,4.1,22
3466,625,11,1,6.8,26
3467,626,18,2,6.1,18
3468,626,7,11,7.6,24
3469,626,12,7,9.2,19
3470,626,1,2,6.9,16
3471,626,13,6,11.5,29
3472,627,5,1,11.2,27
3473,627,12,1,3.8,25
3474,627,6,3,1.9,23
3475,627,9,3,10.1,19
3476,627,14,1,12.6,17
3477,627,1,2,9.4,19
3478,628,13,2,10.6,28
3479,628,4,3,10.9,21
3480,628,11,1,6.4,23
3481,628,14,3,12.5,22
3482,628,2,3,11.7,18
3483,628,15,3,1.2,26
3484,628,10,1,11.6,23
3485,628,5,1,8.5,23
3486,629,13,2,6.1,27
3487,629,2,1,13.0,26
3488,629,11,1,5.5,15
3489,629,1,3,9.5,30
3490,630,14,3,4.2,15
3491,630,9,1,7.6,26
3492,630,12,2,12.8,19
3493,630,3,3,8.0,28
3494,631,1,13,6.6,20
3495,631,8,14,7.5,28
3496,631,9,3,13.0,17
3497,631,16,3,11.1,19
3498,631,7,6,5.8,26
3499,631,13,5,7.3,29
3500,631,18,2,13.5,30
3501,632,2,3,6.5,20
3502,632,8,3,12.6,17
3503,632,3,2,8.9,28
3504,632,6,2,7.5,22
3505,632,13,3,13.2,22
3506,632,9,1,3.1,20
3507,632,15,3,12.2,15
3508,632,11,3,12.0,18
3509,633,13,13,8.3,27
3510,633,8,13,3.7,20
3511,633,7,10,10.6,21
3512,633,9,7,5.5,29
3513,634,7,9,9.7,15
3514,634,12,10,13.2,22
3515,634,8,13,4.1,28
3516,634,13,2,10.9,25
3517,634,16,7,3.3,26
3518,634,18,11,9.9,22
3519,635,16,14,13.0,28
3520,635,18,12,10.7,30
3521,635,8,4,4.3,20
3522,635,13,10,13.5,15
3523,635,17,2,8.9,18
3524,636,5,1,3.4,16
3525,636,13,2,2.3,18
3526,636,10,1,5.0,28
3527,636,2,2,5.8,23
3528,636,15,1,13.3,17
3529,637,5,3,1.3,15
3530,637,2,2,9.3,20
3531,637,15,3,8.6,21
3532,637,3,2,6.8,18
3533,637,14,3,7.4,21
3534,638,7,2,1.2,17
3535,638,1,3,2.2,19
3536,638,9,2,11.4,30
3537,638,13,1,10.0,23
3538,638,6,1,5.7,21
3539,638,11,3,2.0,26
3540,639,8,3,5.5,30
3541,639,17,10,6.1,29
3542,639,16,10,7.1,22
3543,639,18,5,2.5,18
3544,640,16,3,8.4,16
3545,640,8,9,5.8,20
3546,640,18,7,9.5,19
3547,640,17,14,2.8,25
3548,641,4,3,8.6,20
3549,641,13,3,11.0,16
3550,641,1,1,12.7,28
3551,641,10,2,3.8,26
3552,641,8,2,9.7,24
3553,641,15,2,1.7,28
3554,642,1,2,9.3,24
3555,642,18,4,3.7,15
3556,642,16,9,10.7,15
3557,642,9,9,12.7,16
3558,642,8,9,5.7,21
3559,642,13,14,9.6,29
3560,642,7,12,4.5,25
3561,642,12,3,10.2,26
3562,643,13,1,12.1,15
3563,643,15,1,3.7,26
3564,643,10,1,9.8,15
3565,644,9,9,10.5,30
3566,644,8,3,2.6,17
3567,644,18,14,10.8,17
3568,644,7,5,12.3,23
3569,645,6,3,2.0,22
3570,645,5,1,3.3,17
3571,645,1,3,7.7,23
3572,645,12,1,9.8,21
3573,645,15,3,7.6,21
3574,645,11,1,8.2,29
3575,645,14,1,2.0,28
3576,645,2,3,4.2,27
3577,646,18,9,9.3,18
3578,646,7,3,6.6,29
3579,646,16,14,7.3,27
3580,646,9,10,11.3,19
3581,647,13,2,6.3,27
3582,647,6,2,6.3,23
3583,647,10,3,7.0,26
3584,647,15,2,5.5,27
3585,647,7,3,6.5,25
3586,648,13,10,11.3,30
3587,648,1,6,12.6,17
3588,648,12,3,11.2,15
3589,648,16,8,3.5,18
3590,648,7,10,4.4,15
3591,648,18,12,4.5,30
3592,648,8,4,7.7,21
3593,648,9,14,10.9,19
3594,649,13,5,9.7,28
3595,649,9,5,8.5,24
3596,649,12,10,4.9,28
3597,649,1,7,10.6,28
3598,649,18,4,6.3,18
3599,650,18,13,3.0,18
3600,650,9,8,3.3,19
3601,650,12,11,9.0,27
3602,650,1,12,6.1,15
3603,650,7,11,2.1,28
3604,650,8,2,6.2,30
3605,651,7,2,13.5,29
3606,651,10,3,11.8,30
3607,651,14,1,13.8,19
3608,652,13,2,3.2,15
3609,652,6,3,1.4,28
3610,652,9,3,8.6,21
3611,653,11,3,5.4,23
3612,653,14,1,3.5,21
3613,653,5,1,7.1,16
3614,654,5,3,6.1,22
3615,654,1,2,4.0,16
3616,654,13,3,1.2,20
3617,654,2,2,9.4,26
3618,654,10,2,10.9,15
3619,654,4,3,9.1,23
3620,654,11,2,7.9,21
3621,654,14,1,8.4,15
3622,655,12,1,1.5,23
3623,655,15,1,11.9,19
3624,655,7,2,11.8,18
3625,655,4,3,12.6,26
3626,655,13,1,10.3,23
3627,656,13,13,1.4,30
3628,656,17,6,9.2,15
3629,656,18,9,5.2,22
3630,656,8,11,8.2,18
3631,656,16,14,4.0,24
3632,657,9,1,6.7,29
3633,657,5,2,3.3,20
3634,657,4,3,5.6,21
3635,658,14,2,11.3,15
3636,658,15,2,6.8,21
3637,658,12,2,3.1,26
3638,659,11,3,1.5,22
3639,659,14,1,7.1,28
3640,659,10,2,8.5,20
3641,659,15,1,6.9,23
3642,659,9,2,7.1,27
3643,659,8,3,6.7,16
3644,660,13,2,13.0,18
3645,660,3,1,5.9,26
3646,660,5,3,11.3,27
3647,660,4,2,12.7,16
3648,660,9,1,10.6,21
3649,661,1,7,3.4,17
3650,661,18,5,5.5,26
3651,661,8,12,9.7,26
3652,661,16,3,2.2,16
3653,661,13,10,2.2,20
3654,661,7,3,1.1,29
3655,661,12,10,5.3,16
3656,661,9,9,9.9,23
3657,662,13,2,12.5,15
3658,662,10,1,9.4,26
3659,662,3,1,8.3,25
3660,662,2,1,12.3,22
3661,662,6,1,5.6,29
3662,662,1,1,1.5,15
3663,662,11,2,7.9,24
3664,663,16,10,11.6,22
3665,663,18,4,1.8,28
3666,663,13,4,11.3,19
3667,664,1,1,9.5,20
3668,664,11,2,4.7,22
3669,664,10,1,8.8,18
3670,664,8,3,10.7,27
3671,664,15,1,9.4,30
3672,664,14,3,1.3,22
3673,665,13,2,6.6,26
3674,665,17,13,7.1,15
3675,665,16,5,10.6,21
3676,665,8,13,3.6,26
3677,666,18,5,3.4,21
3678,666,8,12,10.6,20
3679,666,9,8,8.4,19
3680,666,7,4,3.5,16
3681,666,1,9,8.5,22
3682,667,3,3,4.8,19
3683,667,8,2,6.2,15
3684,667,4,2,1.4,25
3685,667,7,2,8.9,23
3686,667,13,3,9.6,16
3687,668,13,3,10.7,16
3688,668,18,11,5.4,24
3689,668,8,4,8.7,27
3690,668,17,3,3.7,22
3691,668,16,3,9.9,23
3692,669,11,1,7.0,24
3693,669,4,3,7.9,26
3694,669,3,2,11.5,19
3695,669,14,3,7.0,18
3696,669,10,1,8.9,27
3697,670,8,6,7.3,19
3698,670,7,13,4.3,26
3699,670,1,7,3.2,15
3700,670,16,8,12.7,26
3701,670,18,5,12.7,16
3702,670,12,14,8.0,17
3703,671,4,1,13.6,26
3704,671,7,1,5.7,22
3705,671,14,1,4.8,20
3706,672,8,12,13.2,18
3707,672,13,12,6.2,28
3708,672,12,2,7.9,19
3709,672,18,9,13.9,22
3710,672,7,10,4.6,24
3711,673,1,8,11.3,25
3712,673,12,4,2.5,23
3713,673,9,9,12.7,23
3714,673,7,2,9.9,26
3715,673,13,9,2.1,25
3716,673,16,12,8.9,16
3717,673,8,12,8.1,22
3718,673,18,10,7.5,17
3719,674,9,4,2.4,25
3720,674,12,12,13.2,18
3721,674,16,10,1.5,26
3722,674,8,5,1.0,22
3723,674,13,5,1.3,16
3724,675,1,4,11.0,23
3725,675,12,12,1.7,29
3726,675,9,5,10.4,29
3727,675,13,9,6.3,24
3728,675,8,3,5.7,21
3729,675,16,12,7.2,16
3730,675,7,6,4.3,16
3731,676,6,3,13.5,23
3732,676,11,3,13.8,26
3733,676,7,3,2.5,30
3734,676,15,3,2.4,28
3735,677,10,1,12.7,22
3736,677,14,3,9.4,24
3737,677,15,3,1.4,30
3738,677,3,1,2.3,30
3739,678,4,1,3.6,25
3740,678,5,1,3.0,17
3741,678,15,3,12.3,28
3742,678,6,3,4.2,18
3743,679,5,1,8.9,18
3744,679,14,1,10.4,29
3745,679,11,2,6.0,15
3746,679,13,3,4.6,30
3747,679,3,2,5.7,22
3748,679,15,2,12.2,21
3749,679,8,1,99.0,18
3750,680,8,11,7.5,19
3751,680,7,9,10.0,17
3752,680,1,12,5.5,21
3753,680,9,14,10.8,17
3754,680,18,5,3.8,27
3755,680,13,13,5.8,21
3756,680,16,10,8.7,28
3757,681,6,1,4.9,27
3758,681,5,2,7.4,24
3759,681,3,3,13.8,28
3760,681,8,1,8.3,20
3761,681,4,2,13.0,24
3762,682,8,13,3.1,20
3763,682,18,11,5.2,24
3764,682,17,5,1.1,23
3765,682,13,14,3.9,15
3766,683,13,2,7.4,16
3767,683,7,12,2.7,15
3768,683,12,14,5.5,17
3769,683,8,9,12.1,19
3770,683,18,6,4.6,22
3771,683,9,3,9.8,28
3772,684,16,5,9.1,18
3773,684,13,11,2.9,27
3774,684,12,2,9.1,21
3775,684,7,2,4.2,16
3776,684,9,5,7.0,19
3777,684,8,5,5.4,29
3778,684,1,7,5.3,20
3779,685,10,3,4.8,27
3780,685,11,1,12.2,21
3781,685,2,1,5.8,30
3782,685,14,3,5.2,24
3783,685,12,2,1.3,23
3784,685,3,1,1.4,23
3785,685,9,1,3.2,23
3786,686,16,7,4.4,20
3787,686,7,7,4.1,20
3788,686,13,7,7.4,28
3789,686,1,6,13.3,29
3790,686,12,13,5.4,15
3791,687,8,9,7.3,16
3792,687,18,13,1.8,24
3793,687,17,14,11.3,24
3794,688,9,2,13.1,27
3795,688,11,3,13.0,22
3796,688,8,2,5.2,20
3797,688,10,2,9.0,15
3798,689,7,7,13.7,20
3799,689,8,6,10.7,28
3800,689,9,4,2.0,19
3801,689,13,3,11.7,26
3802,690,18,8,12.8,15
3803,690,9,4,1.0,29
3804,690,12,3,1.4,30
3805,690,13,6,3.5,29
3806,690,1,12,7.8,18
3807,691,14,1,13.6,21
3808,691,4,2,10.1,24
3809,691,2,2,11.5,16
3810,691,12,2,10.1,20
3811,691,11,3,4.3,19
3812,691,5,2,13.5,30
3813,691,13,3,6.6,18
3814,691,8,1,11.7,18
3815,692,15,3,13.0,25
3816,692,11,3,8.4,18
3817,692,10,2,10.8,20
3818,692,1,1,9.1,15
3819,693,13,2,6.7,23
3820,693,14,1,9.2,16
3821,693,11,2,4.3,26
3822,694,4,1,2.6,25
3823,694,10,2,12.6,19
3824,694,9,3,11.9,27
3825,694,7,2,12.3,19
3826,694,1,2,13.3,24
3827,694,6,3,8.7,22
3828,694,8,2,6.1,26
3829,694,13,3,13.7,27
3830,695,9,2,11.4,25
3831,695,13,3,3.1,18
3832,695,2,2,4.0,18
3833,695,12,1,7.1,28
3834,695,6,1,5.4,21
3835,696,15,2,6.7,24
3836,696,11,3,13.1,22
3837,696,5,1,1.7,28
3838,697,12,3,13.5,22
3839,697,14,2,12.0,28
3840,697,4,1,3.1,25
3841,697,9,2,13.6,16
3842,697,2,3,3.4,19
3843,698,8,3,1.2,25
3844,698,14,1,9.3,27
3845,698,15,3,6.4,24
3846,698,9,1,4.9,22
3847,699,16,7,10.2,30
3848,699,18,5,13.8,15
3849,699,17,10,3.4,17
3850,700,15,2,8.3,23
3851,700,8,2,13.1,23
3852,700,1,2,8.0,19
3853,700,7,1,1.7,15
3854,700,14,2,10.9,27
3855,700,2,3,4.5,22
3856,701,18,9,13.2,17
3857,701,13,4,10.0,23
3858,701,16,10,13.6,23
3859,701,8,7,7.5,30
3860,702,3,2,5.5,28
3861,702,2,2,4.2,24
3862,702,12,3,11.7,16
3863,702,15,2,1.5,15
3864,702,1,2,4.6,20
3865,702,11,1,8.2,29
3866,703,13,2,6.7,18
3867,703,9,3,9.7,27
3868,703,14,1,1.6,26
3869,703,6,3,6.4,24
3870,703,8,1,4.1,15
3871,703,11,2,1.2,19
3872,703,1,3,10.7,17
3873,703,7,1,9.2,30
3874,704,14,1,13.1,29
3875,704,8,2,10.7,24
3876,704,4,1,7.9,22
3877,704,13,2,9.3,22
3878,704,11,3,11.3,19
3879,704,2,3,7.0,16
3880,705,3,1,2.3,15
3881,705,8,3,9.6,23
3882,705,14,2,5.1,28
3883,705,13,2,6.0,21
3884,705,5,3,3.1,27
3885,705,7,3,3.9,24
3886,705,12,3,5.8,19
3887,706,4,2,12.8,18
3888,706,9,1,13.8,27
3889,706,6,3,11.2,25
3890,707,9,11,10.7,26
3891,707,16,6,9.4,20
3892,707,8,5,5.5,30
3893,707,7,6,5.8,22
3894,707,1,7,1.1,29
3895,707,12,9,10.7,28
3896,707,18,3,7.8,16
3897,708,7,2,1.8,21
3898,708,8,2,5.5,20
3899,708,12,2,5.7,15
3900,708,14,2,12.1,29
3901,708,9,2,1.2,16
3902,708,3,1,9.5,16
3903,708,5,2,3.3,15
3904,709,16,6,3.6,15
3905,709,18,12,7.3,19
3906,709,12,3,13.3,16
3907,709,13,11,8.8,28
3908,709,1,6,7.7,24
3909,709,7,5,3.7,26
3910,709,8,12,9.7,23
3911,709,9,11,1.2,29
3912,710,8,7,13.6,28
3913,710,7,6,12.8,21
3914,710,9,11,6.0,28
3915,710,18,5,1.1,18
3916,710,1,13,4.9,29
3917,711,3,1,8.3,19
3918,711,11,2,13.6,25
3919,711,4,1,10.7,29
3920,711,9,2,7.5,18
3921,711,14,2,2.0,18
3922,712,15,1,9.6,24
3923,712,6,2,10.2,20
3924,712,4,3,6.1,18
3925,713,13,13,6.8,18
3926,713,8,13,5.5,25
3927,713,9,7,6.0,21
3928,713,12,5,10.3,25
3929,713,1,11,13.0,18
3930,713,16,9,4.5,28
3931,713,18,4,2.9,19
3932,714,1,2,5.9,24
3933,714,2,3,3.3,17
3934,714,9,1,99.0,25
3935,714,6,3,8.1,24
3936,714,11,3,10.4,18
3937,715,6,1,13.4,26
3938,715,9,3,9.8,22
3939,715,8,2,7.4,30
3940,715,1,2,7.1,20
3941,715,12,1,6.6,27
3942,715,5,3,8.7,16
3943,715,7,1,3.8,21
3944,716,18,4,9.1,29
3945,716,8,7,13.0,20
3946,716,16,2,2.5,21
3947,717,5,3,3.1,15
3948,717,15,3,9.6,26
3949,717,1,3,6.0,17
3950,717,8,3,11.6,20
3951,717,2,1,6.9,23
3952,717,12,2,13.8,18
3953,717,3,2,7.8,24
3954,718,9,12,3.0,19
3955,718,18,8,13.3,17
3956,718,8,11,9.3,23
3957,718,13,12,11.6,20
3958,719,17,11,7.6,20
3959,719,13,2,12.8,22
3960,719,18,12,8.9,17
3961,719,8,3,14.0,30
3962,720,8,2,7.6,20
3963,720,4,3,1.1,19
3964,720,13,2,8.9,16
3965,720,15,3,7.1,25
3966,720,5,1,12.1,29
3967,720,12,1,9.3,26
3968,720,3,1,13.8,25
3969,720,2,1,7.8,17
3970,721,4,1,8.8,27
3971,721,11,3,7.1,22
3972,721,2,2,7.1,15
3973,721,10,1,8.5,17
3974,721,12,2,5.6,30
3975,721,6,1,8.4,30
3976,722,15,3,6.9,16
3977,722,2,1,5.7,24
3978,722,8,3,13.4,18
3979,722,12,2,11.7,16
3980,723,4,1,4.3,15
3981,723,10,3,13.2,29
3982,723,8,1,7.5,19
3983,723,12,2,9.0,21
3984,723,3,2,9.9,25
3985,723,13,1,7.7,29
3986,724,6,3,5.5,30
3987,724,1,3,5.0,28
3988,724,4,1,10.7,25
3989,724,5,3,9.0,16
3990,724,7,2,3.2,21
3991,725,12,14,4.9,18
3992,725,16,12,8.1,30
3993,725,1,2,10.3,30
3994,725,13,13,11.2,30
3995,726,3,1,7.7,15
3996,726,4,2,8.9,24
3997,726,10,2,5.9,24
3998,726,14,2,7.5,28
3999,726,5,1,10.5,25
4000,727,5,2,4.0,24
4001,727,11,1,13.0,27
4002,727,12,1,11.4,28
4003,727,8,1,11.4,26
4004,727,1,2,5.9,18
4005,727,10,1,12.7,27
4006,728,13,14,3.6,29
4007,728,16,3,6.6,21
4008,728,17,12,3.6,18
4009,728,18,7,3.8,25
4010,728,8,3,12.0,26
4011,729,16,4,3.5,24
4012,729,18,8,9.9,21
4013,729,9,9,6.6,30
4014,729,7,14,10.4,29
4015,729,13,7,13.0,28
4016,729,12,6,7.9,21
4017,729,8,10,3.8,26
4018,729,1,14,4.1,15
4019,730,13,10,10.4,16
4020,730,1,8,6.0,28
4021,730,12,4,12.8,18
4022,730,9,5,6.2,17
4023,730,16,8,10.1,24
4024,730,18,12,5.7,28
4025,730,8,7,5.7,23
4026,730,7,7,12.4,26
4027,731,6,1,10.1,15
4028,731,3,2,12.5,27
4029,731,5,1,3.3,22
4030,731,1,2,13.3,18
4031,731,12,1,11.8,27
4032,731,13,1,7.7,23
4033,732,16,2,3.7,19
4034,732,7,13,3.7,28
4035,732,18,3,7.6,19
4036,732,12,9,2.6,24
4037,733,5,1,12.1,24
4038,733,2,1,12.1,19
4039,733,13,2,10.7,28
4040,733,7,2,9.8,30
4041,733,9,2,9.6,28
4042,733,3,1,5.9,17
4043,734,14,3,4.7,21
4044,734,5,1,5.1,30
4045,734,4,2,6.6,22
4046,735,6,1,6.6,30
4047,735,1,1,4.3,26
4048,735,9,3,11.6,18
4049,736,13,11,4.3,26
4050,736,16,11,8.9,26
4051,736,7,11,9.1,15
4052,736,9,5,9.0,22
4053,736,12,3,5.7,20
4054,736,18,6,12.2,27
4055,736,1,14,3.0,29
4056,736,8,14,5.6,23
4057,737,1,2,7.3,16
4058,737,2,3,11.0,25
4059,737,10,2,9.1,25
4060,738,12,2,3.1,23
4061,738,14,2,1.5,16
4062,738,5,1,4.2,25
4063,738,4,2,12.4,25
4064,739,12,3,11.2,18
4065,739,11,1,10.3,26
4066,739,13,3,4.5,16
4067,739,5,3,3.6,28
4068,739,8,3,12.9,28
4069,739,14,3,8.6,17
4070,739,3,1,3.9,16
4071,740,7,1,7.4,28
4072,740,1,3,5.1,30
4073,740,4,2,3.6,26
4074,740,14,2,3.8,30
4075,740,9,2,11.5,16
4076,740,2,2,3.3,27
4077,741,9,6,2.1,30
4078,741,13,13,9.5,24
4079,741,7,8,5.4,16
4080,741,8,8,8.0,20
4081,741,18,2,6.8,21
4082,742,8,5,11.6,28
4083,742,16,4,2.3,21
4084,742,1,5,7.7,28
4085,742,13,11,9.7,20
4086,742,12,5,10.7,21
4087,742,7,5,6.0,20
4088,742,18,2,10.8,30
4089,743,8,6,9.6,24
4090,743,12,9,7.7,26
4091,743,9,10,11.8,27
4092,743,16,2,11.8,16
4093,743,7,12,2.8,25
4094,743,1,14,8.6,24
4095,743,18,6,7.8,25
4096,744,5,1,7.4,23
4097,744,13,2,8.4,27
4098,744,10,1,13.9,21
4099,744,7,2,1.5,26
4100,744,11,1,6.7,26
4101,744,2,2,11.6,29
4102,744,14,3,13.5,30
4103,745,5,1,11.7,17
4104,745,12,1,12.9,30
4105,745,10,2,9.4,27
4106,745,9,2,12.8,28
4107,745,3,1,9.7,18
4108,745,8,2,7.8,19
4109,745,15,1,1.6,19
4110,745,1,3,13.5,15
4111,746,10,1,9.2,25
4112,746,6,3,10.8,17
4113,746,13,3,1.5,16
4114,746,1,2,5.6,24
4115,747,15,3,3.9,27
4116,747,1,1,3.2,15
4117,747,12,2,8.5,26
4118,747,10,3,5.2,18
4119,747,7,3,12.1,19
4120,748,3,3,12.8,20
4121,748,8,2,13.1,26
4122,748,10,3,10.5,15
4123,748,15,1,5.8,20
4124,748,12,2,7.6,29
4125,748,2,3,5.9,22
4126,748,11,3,5.8,27
4127,748,13,2,2.3,26
4128,749,1,10,3.0,29
4129,749,13,3,8.4,17
4130,749,16,4,11.1,21
4131,749,8,12,6.6,25
4132,750,7,3,5.0,20
4133,750,4,3,5.0,23
4134,750,5,2,4.5,17
4135,750,9,3,7.2,30
4136,750,8,1,1.7,18
4137,750,15,3,4.8,29
4138,750,1,1,6.3,28
4139,750,12,2,1.3,23
4140,751,10,2,2.6,28
4141,751,14,3,2.8,29
4142,751,4,3,10.8,21
4143,751,8,3,1.0,29
4144,752,4,2,11.4,29
4145,752,15,2,2.2,30
4146,752,8,1,10.5,29
4147,752,13,1,11.0,17
4148,752,5,1,3.8,21
4149,752,2,3,8.2,24
4150,753,8,3,3.3,20
4151,753,15,2,6.5,21
4152,753,1,2,8.4,25
4153,754,14,3,11.4,17
4154,754,5,3,1.8,20
4155,754,15,3,6.5,30
4156,754,12,3,12.0,15
4157,754,6,2,5.8,29
4158,754,13,2,5.7,26
4159,754,4,3,13.5,23
4160,755,17,10,6.1,21
4161,755,16,5,5.2,20
4162,755,13,12,6.6,21
4163,755,18,9,13.8,22
4164,756,8,6,12.4,30
4165,756,9,11,8.8,27
4166,756,1,2,6.6,15
4167,756,12,13,1.8,26
4168,756,18,13,11.8,28
4169,757,18,7,4.7,30
4170,757,8,6,8.7,26
4171,757,17,13,7.6,26
4172,757,13,2,10.4,23
4173,757,16,3,8.9,17
4174,758,15,3,4.5,24
4175,758,9,3,3.2,30
4176,758,14,3,13.9,29
4177,758,4,1,4.4,24
4178,758,1,1,1.2,23
4179,758,7,1,10.0,19
4180,758,6,3,4.3,26
4181,758,8,1,9.6,26
4182,759,11,2,4.6,30
4183,759,8,3,9.3,20
4184,759,12,2,3.9,28
4185,759,13,1,3.5,25
4186,759,14,3,13.6,16
4187,759,15,1,13.9,16
4188,760,9,2,7.2,20
4189,760,3,2,4.1,26
4190,760,11,3,10.8,20
4191,760,5,1,7.5,21
4192,760,2,1,11.0,18
4193,760,8,2,3.5,15
4194,760,6,3,5.3,25
4195,761,9,1,13.7,16
4196,761,10,3,9.9,17
4197,761,7,2,9.7,27
4198,761,13,2,7.4,26
4199,761,11,2,9.0,22
4200,761,8,1,5.9,17
4201,761,15,3,8.2,26
4202,761,1,2,6.0,19
4203,762,1,3,12.3,22
4204,762,8,2,5.1,20
4205,762,12,3,1.3,26
4206,762,7,6,4.6,21
4207,762,16,8,13.9,29
4208,762,9,11,1.4,25
4209,762,13,13,7.3,22
4210,762,18,4,10.7,17
4211,763,10,1,7.9,29
4212,763,3,2,5.1,24
4213,763,5,1,13.3,30
4214,764,5,3,13.8,20
4215,764,7,1,2.3,30
4216,764,2,2,12.5,25
4217,764,1,1,2.8,26
4218,764,6,3,5.0,28
4219,764,11,1,2.9,29
4220,764,8,3,12.6,18
4221,765,12,2,1.1,21
4222,765,11,2,1.1,29
4223,765,10,2,11.5,15
4224,765,5,2,9.3,17
4225,765,7,2,11.7,15
4226,765,13,2,12.0,30
4227,765,6,2,3.4,21
4228,765,8,2,8.6,29
4229,766,3,3,8.0,15
4230,766,1,1,7.2,26
4231,766,7,2,8.7,28
4232,766,15,2,10.0,26
4233,766,10,2,3.5,25
4234,766,6,2,13.4,29
4235,767,7,2,9.4,18
4236,767,12,10,7.4,29
4237,767,13,2,13.4,29
4238,767,16,10,4.2,26
4239,767,8,14,2.7,20
4240,768,12,2,6.0,27
4241,768,8,2,1.2,25
4242,768,2,2,1.5,22
4243,768,7,2,13.5,15
4244,768,14,1,12.2,28
4245,769,11,1,2.4,17
4246,769,5,2,11.2,28
4247,769,13,2,1.7,22
4248,769,6,1,10.5,22
4249,769,10,2,5.8,23
4250,770,8,1,7.5,19
4251,770,2,3,11.9,26
4252,770,11,2,5.7,19
4253,770,9,2,11.6,24
4254,770,13,3,3.2,22
4255,770,12,1,2.9,16
4256,770,1,2,4.2,23
4257,771,4,3,11.8,20
4258,771,10,2,3.9,18
4259,771,6,2,1.4,24
4260,772,16,13,8.2,18
4261,772,7,11,12.4,29
4262,772,1,14,7.5,30
4263,772,9,10,9.3,21
4264,772,8,3,6.9,16
4265,773,16,12,2.9,28
4266,773,1,14,5.7,16
4267,773,12,13,1.6,26
4268,773,8,13,1.2,28
4269,773,18,8,11.5,21
4270,774,16,11,13.9,20
4271,774,18,7,6.2,28
4272,774,17,3,3.6,17
4273,775,16,12,7.7,18
4274,775,8,10,8.1,15
4275,775,13,6,2.5,30
4276,775,9,13,8.7,25
4277,776,14,1,3.4,27
4278,776,13,2,1.8,24
4279,776,12,1,12.4,20
4280,776,9,2,8.8,21
4281,776,4,2,11.4,19
4282,777,13,12,13.6,22
4283,777,16,6,12.4,20
4284,777,8,3,2.8,29
4285,777,12,10,11.9,24
4286,777,18,5,5.6,17
4287,777,9,6,5.2,25
4288,777,1,9,8.9,26
4289,778,8,1,6.4,15
4290,778,13,3,10.8,23
4291,778,14,2,5.5,26
4292,779,5,2,13.8,26
4293,779,9,1,2.6,30
4294,779,7,1,8.5,20
4295,779,14,3,2.5,15
4296,779,3,3,10.4,20
4297,779,2,1,2.6,30
4298,779,10,2,10.6,17
4299,779,1,2,8.4,22
4300,780,7,10,6.7,24
4301,780,12,5,13.6,21
4302,780,16,9,11.8,23
4303,780,1,4,5.6,27
4304,780,8,10,2.0,15
4305,780,9,2,6.6,24
4306,781,10,2,3.3,17
4307,781,3,1,8.9,16
4308,781,2,3,11.0,29
4309,781,9,3,13.3,20
4310,781,7,3,3.9,24
4311,782,8,14,4.7,28
4312,782,16,7,12.4,30
4313,782,18,2,1.8,19
4314,783,7,3,11.4,17
4315,783,8,2,12.8,21
4316,783,2,2,5.8,30
4317,783,6,3,3.4,22
4318,783,11,1,7.1,30
4319,784,9,3,6.1,28
4320,784,7,3,14.0,17
4321,784,12,14,1.1,25
4322,784,8,13,8.9,23
4323,784,18,9,12.4,30
4324,784,1,2,4.0,24
4325,785,18,3,13.3,30
4326,785,8,11,4.8,27
4327,785,16,13,11.3,18
4328,785,7,3,2.1,27
4329,785,1,6,7.7,19
4330,786,9,13,10.5,17
4331,786,8,11,6.9,18
4332,786,18,6,3.0,22
4333,786,13,9,10.9,20
4334,786,7,2,2.5,24
4335,786,1,13,5.1,26
4336,786,16,12,11.2,28
4337,787,13,7,6.1,24
4338,787,12,5,12.6,17
4339,787,16,7,9.0,27
4340,787,1,9,1.3,16
4341,788,18,2,7.0,19
4342,788,16,7,1.2,27
4343,788,9,5,13.0,20
4344,788,7,5,3.7,23
4345,788,1,3,11.5,18
4346,788,13,12,2.5,29
4347,788,12,10,12.1,23
4348,788,8,2,4.4,23
4349,789,12,3,11.2,23
4350,789,4,3,10.2,28
4351,789,13,1,2.4,15
4352,790,2,2,13.5,27
4353,790,13,1,11.6,18
4354,790,9,1,10.1,19
4355,790,14,3,13.0,19
4356,790,8,2,5.1,24
4357,790,1,1,4.5,18
4358,790,12,1,5.7,18
4359,791,2,3,3.0,23
4360,791,11,1,10.8,22
4361,791,4,2,1.6,16
4362,791,8,3,10.4,23
4363,791,1,3,3.0,23
4364,791,15,3,1.1,19
4365,792,7,12,8.1,18
4366,792,12,6,9.1,23
4367,792,13,14,10.4,29
4368,792,9,3,8.7,22
4369,792,18,6,1.1,17
4370,792,16,10,13.1,15
4371,792,8,9,13.6,19
4372,793,15,2,12.7,23
4373,793,13,3,2.2,25
4374,793,7,3,4.5,19
4375,793,12,3,9.8,26
4376,793,2,3,11.9,20
4377,793,14,2,9.8,28
4378,793,1,1,6.3,25
4379,793,6,2,7.3,21
4380,794,8,11,5.7,17
4381,794,16,6,12.0,22
4382,794,1,12,12.0,29
4383,794,9,5,1.4,20
4384,794,7,8,2.9,24
4385,794,13,9,2.4,22
4386,794,12,5,9.7,20
4387,795,14,1,10.6,19
4388,795,6,3,9.4,15
4389,795,11,1,11.8,29
4390,795,9,3,12.3,17
4391,795,12,2,4.4,25
4392,796,10,3,5.5,25
4393,796,6,1,6.1,19
4394,796,3,1,8.5,22
4395,796,9,1,13.8,23
4396,796,8,1,1.5,19
4397,796,14,1,5.1,27
4398,796,7,3,3.6,16
4399,797,8,13,5.1,17
4400,797,18,8,3.1,27
4401,797,1,12,2.1,17
4402,797,13,3,7.0,25
4403,797,7,7,5.7,25
4404,797,9,7,11.7,22
4405,797,12,9,13.6,23
4406,798,1,1,6.6,29
4407,798,3,2,7.6,19
4408,798,13,3,1.5,30
4409,798,8,2,12.6,16
4410,798,10,2,5.0,18
4411,798,11,1,5.0,23
4412,799,10,1,1.2,24
4413,799,11,1,11.1,20
4414,799,1,1,10.5,28
4415,799,4,3,11.2,16
4416,799,7,1,13.5,27
4417,799,6,1,3.6,22
4418,799,14,1,13.0,18
4419,800,5,2,1.8,29
4420,800,9,1,13.8,25
4421,800,15,1,1.9,17
4422,800,2,3,2.7,26
4423,800,3,3,3.1,15
4424,800,11,3,8.5,28
4425,800,7,1,11.0,27
4426,800,1,-2,9.7,17
4427,801,8,7,11.7,23
4428,801,13,10,5.2,23
4429,801,16,14,10.4,18
4430,801,18,2,11.2,23
4431,802,13,10,4.0,21
4432,802,18,13,5.5,25
4433,802,12,2,8.5,30
4434,802,8,10,2.2,19
4435,802,1,9,3.7,27
4436,803,11,1,12.5,16
4437,803,2,3,8.7,23
4438,803,8,3,1.3,20
4439,803,3,2,4.8,21
4440,804,10,2,12.2,24
4441,804,14,1,10.4,24
4442,804,5,3,13.9,22
4443,804,2,1,3.3,19
4444,805,3,3,1.8,17
4445,805,1,1,10.0,25
4446,805,12,2,10.6,24
4447,805,9,2,2.8,20
4448,805,6,1,1.7,16
4449,805,7,2,2.2,18
4450,805,5,1,11.7,27
4451,805,14,2,3.9,28
4452,806,13,8,9.7,21
4453,806,8,12,9.2,23
4454,806,7,9,11.6,18
4455,806,9,4,5.6,24
4456,807,8,7,10.6,16
4457,807,18,8,6.8,25
4458,807,9,6,2.4,26
4459,807,12,13,10.9,15
4460,807,13,5,9.5,19
4461,807,7,13,5.2,27
4462,807,1,7,5.4,28
4463,807,16,13,3.9,27
4464,808,13,1,6.0,29
4465,808,14,3,11.0,21
4466,808,7,2,6.0,20
4467,809,4,2,4.5,25
4468,809,2,2,1.8,21
4469,809,3,1,7.0,17
4470,809,10,2,9.4,27
4471,809,7,3,2.3,23
4472,809,6,1,7.3,22
4473,809,5,1,7.4,15
4474,810,8,1,5.0,26
4475,810,6,2,3.8,15
4476,810,3,3,7.7,21
4477,811,12,11,10.9,30
4478,811,16,5,1.2,19
4479,811,18,8,10.5,16
4480,811,7,2,13.4,26
4481,811,8,13,1.5,30
4482,811,13,2,5.0,18
4483,811,1,11,8.4,22
4484,812,13,5,9.4,27
4485,812,7,12,5.5,30
4486,812,12,5,8.7,25
4487,812,18,13,11.5,26
4488,812,9,2,12.8,28
4489,812,1,6,11.8,20
4490,812,16,7,10.9,24
4491,813,11,3,8.0,19
4492,813,6,2,2.3,30
4493,813,15,3,2.1,15
4494,813,2,2,11.1,20
4495,813,10,3,3.4,16
4496,813,7,1,5.2,29
4497,813,1,3,7.6,27
4498,813,9,1,12.7,16
4499,814,11,2,10.0,18
4500,814,2,1,2.8,19
4501,814,10,3,13.0,23
4502,814,1,1,5.8,23
4503,814,9,1,7.7,25
4504,814,3,1,6.7,30
4505,814,13,2,3.0,23
4506,814,14,2,5.7,25
4507,815,11,1,2.6,22
4508,815,8,2,9.8,27
4509,815,9,2,7.6,21
4510,815,14,2,7.7,21
4511,815,2,1,13.9,28
4512,815,6,2,13.6,30
4513,815,12,3,3.6,27
4514,815,13,1,6.3,23
4515,816,17,14,9.7,18
4516,816,13,14,7.5,29
4517,816,16,3,12.8,26
4518,816,18,5,5.9,20
4519,816,8,14,6.1,26
4520,817,2,2,8.5,17
4521,817,7,2,1.5,24
4522,817,11,2,2.9,29
4523,817,5,3,13.1,30
4524,817,3,3,12.0,17
4525,817,15,3,4.8,28
4526,817,8,2,11.1,28
4527,818,12,8,9.7,20
4528,818,8,9,2.8,24
4529,818,13,8,4.2,24
4530,818,16,4,2.2,20
4531,819,13,12,13.1,27
4532,819,16,4,2.5,19
4533,819,12,5,2.8,25
4534,819,7,8,10.7,30
4535,819,9,14,9.5,21
4536,819,8,12,2.9,27
4537,820,8,3,10.1,21
4538,820,4,1,1.7,25
4539,820,2,2,4.5,22
4540,820,7,3,5.6,25
4541,820,15,1,3.0,26
4542,820,11,3,5.8,21
4543,820,1,3,10.6,26
4544,820,3,1,3.8,16
4545,821,11,1,1.1,21
4546,821,9,3,8.6,25
4547,821,15,3,10.7,29
4548,821,3,3,4.6,27
4549,821,1,2,8.9,30
4550,822,5,3,13.7,29
4551,822,15,2,12.9,23
4552,822,12,2,10.6,28
4553,822,9,2,5.0,28
4554,822,3,3,10.7,27
4555,822,13,2,9.5,24
4556,823,16,9,7.6,21
4557,823,18,2,12.0,30
4558,823,9,7,10.2,17
4559,823,12,14,3.3,19
4560,823,7,4,11.9,27
4561,824,1,10,2.6,30
4562,824,13,2,8.9,15
4563,824,12,4,11.1,28
4564,824,9,6,12.6,30
4565,824,7,13,9.6,28
4566,824,18,2,10.9,17
4567,824,8,14,10.9,25
4568,824,16,8,11.4,19
4569,825,7,5,1.7,21
4570,825,1,2,10.6,30
4571,825,9,9,1.4,17
4572,825,18,5,4.3,20
4573,826,3,3,6.0,21
4574,826,11,1,12.6,29
4575,826,5,2,11.9,17
4576,826,8,2,1.7,19
4577,826,12,1,2.0,17
4578,826,6,1,2.9,28
4579,826,10,2,5.4,27
4580,826,9,3,6.8,22
4581,827,7,3,9.0,18
4582,827,4,1,7.5,26
4583,827,12,2,6.9,30
4584,827,8,2,12.9,23
4585,827,10,2,7.5,29
4586,827,13,1,13.9,19
4587,827,5,1,12.7,17
4588,828,16,2,2.6,26
4589,828,8,2,13.4,20
4590,828,17,5,2.3,23
4591,828,13,7,7.8,21
4592,829,7,3,5.3,15
4593,829,18,7,11.2,23
4594,829,16,7,5.4,29
4595,829,9,2,12.0,21
4596,829,12,7,11.2,19
4597,829,13,5,12.9,27
4598,829,1,14,11.8,25
4599,829,8,9,12.3,18
4600,830,11,3,2.2,18
4601,830,6,1,2.2,18
4602,830,14,2,10.0,16
4603,830,15,1,12.4,30
4604,831,8,11,6.5,22
4605,831,17,8,11.6,21
4606,831,18,12,4.3,20
4607,831,13,4,11.6,16
4608,832,16,12,3.1,27
4609,832,13,13,13.0,26
4610,832,1,2,4.6,30
4611,832,7,5,12.7,28
4612,832,8,8,9.0,23
4613,832,9,10,11.8,29
4614,832,18,11,9.4,18
4615,833,7,2,12.5,27
4616,833,10,3,9.4,16
4617,833,4,1,11.1,26
4618,833,15,1,13.8,18
4619,833,2,3,13.7,25
4620,833,11,3,2.8,29
4621,834,18,3,13.3,27
4622,834,7,5,1.4,28
4623,834,9,3,2.9,30
4624,834,16,9,3.4,29
4625,834,12,5,11.3,15
4626,834,13,9,6.7,20
4627,834,8,8,5.5,15
4628,835,13,3,4.9,16
4629,835,16,12,1.1,21
4630,835,7,8,9.2,16
4631,835,18,8,11.9,22
4632,835,1,3,4.3,20
4633,835,12,10,4.5,20
4634,835,9,11,1.8,20
4635,836,12,3,8.5,21
4636,836,9,8,9.7,17
4637,836,8,14,11.2,27
4638,836,18,14,2.4,24
4639,837,14,3,2.4,21
4640,837,8,2,13.9,21
4641,837,2,2,1.9,25
4642,837,11,1,1.6,29
4643,837,5,1,5.6,24
4644,838,11,3,10.4,16
4645,838,6,3,1.4,16
4646,838,1,3,9.8,23
4647,839,18,4,3.6,21
4648,839,16,5,9.4,28
4649,839,13,8,4.1,20
4650,839,17,9,3.4,27
4651,840,12,3,11.0,28
4652,840,10,2,4.0,19
4653,840,15,1,1.3,18
4654,840,13,1,6.0,15
4655,840,3,3,10.9,26
4656,840,5,3,9.6,17
4657,841,1,3,4.2,18
4658,841,12,1,9.6,29
4659,841,5,2,13.6,21
4660,842,1,1,3.7,17
4661,842,12,1,2.0,17
4662,842,3,2,6.8,30
4663,843,9,2,8.9,27
4664,843,3,3,4.2,25
4665,843,12,1,12.9,28
4666,843,8,2,13.8,17
4667,843,10,1,7.6,19
4668,843,6,3,4.4,28
4669,844,1,14,6.2,18
4670,844,12,6,8.4,26
4671,844,13,2,1.3,24
4672,844,7,14,5.3,17
4673,844,9,5,7.6,21
4674,845,17,6,5.1,21
4675,845,16,6,1.1,25
4676,845,18,3,13.7,27
4677,846,12,2,1.9,16
4678,846,8,2,9.6,21
4679,846,2,3,10.1,22
4680,846,6,3,2.2,30
4681,846,5,1,7.3,21
4682,846,9,2,2.4,27
4683,847,8,1,1.9,15
4684,847,1,2,3.6,30
4685,847,12,1,4.7,26
4686,847,7,3,2.4,30
4687,847,11,2,3.1,30
4688,847,6,1,5.4,25
4689,848,10,2,10.7,24
4690,848,1,3,7.5,22
4691,848,13,2,2.0,30
4692,848,8,2,11.7,27
4693,848,12,1,11.9,29
4694,848,9,1,12.7,18
4695,848,3,2,6.0,28
4696,848,5,2,4.9,17
4697,849,13,12,8.8,24
4698,849,18,10,6.0,30
4699,849,16,3,13.2,25
4700,849,1,2,5.3,26
4701,849,8,3,13.8,18
4702,849,9,11,13.2,27
4703,849,12,12,8.9,19
4704,849,7,11,2.4,15
4705,850,16,9,9.4,20
4706,850,18,12,8.2,28
4707,850,1,12,11.4,17
4708,850,13,10,1.3,17
4709,850,12,9,1.9,16
4710,850,8,2,10.6,24
4711,851,10,2,8.9,22
4712,851,13,2,10.6,19
4713,851,14,3,9.9,15
4714,851,1,3,10.3,17
4715,851,2,2,8.0,27
4716,851,9,3,9.9,21
4717,851,3,2,3.3,17
4718,851,15,1,8.0,18
4719,852,1,8,11.1,25
4720,852,13,6,7.8,17
4721,852,8,8,8.2,17
4722,852,7,7,10.7,27
4723,852,18,7,11.6,17
4724,852,12,13,5.4,22
4725,853,13,7,13.5,26
4726,853,9,5,3.1,17
4727,853,16,2,7.4,16
4728,853,18,13,10.5,16
4729,854,8,8,7.3,29
4730,854,12,5,2.8,28
4731,854,1,12,11.3,15
4732,854,13,9,8.0,21
4733,855,18,13,7.7,19
4734,855,16,6,5.2,27
4735,855,17,10,10.3,28
4736,855,13,2,2.8,27
4737,856,8,3,12.9,18
4738,856,2,1,1.4,24
4739,856,15,3,9.5,30
4740,856,5,3,7.4,26
4741,856,12,2,1.6,19
4742,856,4,2,6.4,20
4743,856,11,1,6.8,15
4744,856,6,2,6.3,25
4745,857,7,5,11.5,21
4746,857,16,12,11.3,29
4747,857,12,14,13.7,28
4748,857,18,3,3.2,25
4749,857,9,8,10.4,27
4750,857,1,8,9.2,25
4751,857,8,11,4.4,28
4752,858,5,1,8.7,19
4753,858,3,2,8.1,25
4754,858,15,1,5.4,24
4755,858,11,3,13.6,24
4756,858,9,2,13.8,25
4757,858,4,2,12.1,20
4758,858,6,2,2.7,17
4759,859,9,10,2.0,27
4760,859,8,2,2.1,23
4761,859,13,9,8.7,28
4762,859,18,8,7.5,20
4763,859,12,6,5.9,24
4764,859,1,2,6.6,28
4765,859,16,4,9.4,30
4766,859,7,9,11.2,21
4767,860,1,6,99.0,18
4768,860,12,14,3.4,21
4769,860,13,2,4.0,29
4770,860,18,10,12.7,28
4771,860,8,14,2.1,21
4772,860,9,8,8.6,23
4773,860,7,3,2.5,22
4774,860,16,13,4.5,30
4775,861,1,12,5.3,30
4776,861,7,4,10.2,26
4777,861,18,3,11.1,19
4778,861,8,6,4.7,30
4779,862,8,3,5.2,18
4780,862,13,8,11.2,23
4781,862,12,8,8.9,22
4782,862,18,2,8.7,29
4783,862,16,13,11.0,16
4784,862,9,13,5.8,21
4785,862,1,14,7.5,27
4786,863,6,2,7.6,27
4787,863,10,3,8.0,16
4788,863,11,2,4.7,19
4789,863,5,1,3.4,29
4790,863,15,1,13.0,16
4791,863,7,3,12.4,19
4792,863,2,2,12.1,17
4793,864,2,3,6.9,24
4794,864,14,1,6.8,21
4795,864,11,1,99.0,27
4796,865,18,9,6.0,18
4797,865,16,9,3.9,18
4798,865,13,9,12.6,26
4799,865,8,12,5.6,20
4800,865,17,8,9.8,17
4801,866,17,8,2.0,19
4802,866,18,14,4.3,21
4803,866,16,11,5.4,24
4804,866,8,11,10.3,21
4805,867,6,3,5.2,19
4806,867,8,1,3.0,21
4807,867,4,1,4.8,25
4808,867,15,3,5.4,17
4809,867,2,1,9.4,30
4810,867,12,3,3.5,19
4811,868,3,3,12.9,27
4812,868,6,2,9.5,18
4813,868,7,3,6.7,24
4814,868,11,3,13.1,22
4815,868,15,1,7.1,27
4816,868,4,3,13.6,23
4817,869,11,1,6.3,23
4818,869,10,2,3.9,17
4819,869,13,3,10.6,22
4820,869,3,1,7.7,25
4821,870,16,4,2.3,23
4822,870,1,8,4.7,17
4823,870,18,11,13.0,22
4824,870,7,4,1.0,25
4825,871,1,12,8.8,28
4826,871,18,8,12.4,27
4827,871,8,9,13.1,27
4828,871,9,13,10.0,20
4829,871,13,4,10.7,29
4830,872,14,2,8.7,19
4831,872,11,2,13.7,15
4832,872,6,2,6.9,18
4833,872,8,2,4.5,30
4834,873,14,3,3.5,30
4835,873,15,2,8.4,28
4836,873,13,1,10.8,22
4837,873,4,3,3.1,22
4838,874,8,8,10.0,25
4839,874,9,8,1.8,27
4840,874,13,9,10.1,30
4841,874,7,6,5.7,27
4842,874,18,12,6.0,18
4843,874,12,12,2.3,17
4844,875,9,13,6.4,26
4845,875,8,10,3.1,15
4846,875,16,9,11.4,20
4847,875,18,12,7.7,26
4848,875,1,12,3.4,26
4849,875,13,11,9.9,29
4850,875,7,13,6.4,23
4851,875,12,8,12.8,25
4852,876,3,3,5.8,28
4853,876,7,1,12.7,18
4854,876,12,2,11.5,16
4855,876,4,1,10.1,30
4856,876,15,3,6.1,24
4857,876,6,3,9.0,20
4858,877,12,2,3.2,28
4859,877,6,2,12.3,16
4860,877,9,2,2.8,29
4861,877,11,2,5.3,19
4862,877,1,2,1.6,16
4863,877,4,1,2.5,30
4864,877,5,1,11.9,30
4865,877,2,1,7.3,20
4866,878,14,3,10.3,29
4867,878,13,1,9.4,27
4868,878,10,3,4.5,16
4869,878,2,2,8.5,20
4870,879,1,2,6.9,27
4871,879,8,1,6.6,27
4872,879,3,3,7.5,16
4873,879,10,1,7.1,30
4874,880,2,1,6.7,27
4875,880,7,3,6.5,15
4876,880,1,1,10.2,21
4877,880,11,1,6.4,29
4878,880,8,1,11.9,22
4879,880,10,2,12.7,19
4880,880,15,1,2.0,27
4881,881,8,2,3.8,26
4882,881,13,4,5.2,19
4883,881,18,11,5.4,23
4884,881,9,6,4.8,24
4885,881,12,3,6.7,29
4886,881,7,7,7.4,24
4887,881,1,6,1.7,21
4888,882,18,3,6.1,29
4889,882,7,12,5.2,24
4890,882,8,4,2.2,30
4891,882,9,4,8.2,18
4892,882,1,2,9.4,22
4893,883,8,3,8.9,17
4894,883,13,14,10.7,17
4895,883,12,4,12.2,28
4896,883,7,6,13.3,23
4897,883,1,2,7.3,25
4898,883,9,10,8.2,16
4899,884,7,9,13.9,16
4900,884,16,14,4.8,24
4901,884,8,9,5.1,17
4902,884,9,7,4.3,20
4903,884,12,9,9.2,15
4904,884,18,9,13.2,15
4905,884,13,6,7.1,18
4906,885,13,3,4.8,25
4907,885,15,3,9.1,21
4908,885,14,3,5.5,27
4909,885,8,1,11.2,18
4910,885,9,3,1.6,16
4911,885,12,1,1.9,17
4912,885,10,1,5.0,16
4913,885,1,2,4.1,21
4914,886,12,3,12.7,19
4915,886,10,1,11.0,22
4916,886,13,2,2.5,25
4917,886,8,3,9.1,29
4918,886,6,3,2.1,23
4919,887,7,2,7.5,20
4920,887,13,2,4.2,28
4921,887,15,1,5.1,16
4922,887,9,3,12.7,17
4923,887,14,1,9.6,25
4924,887,10,2,2.3,23
4925,887,5,1,3.4,22
4926,887,12,1,7.5,19
4927,888,9,3,3.4,20
4928,888,5,3,13.8,27
4929,888,8,3,4.4,17
4930,888,12,1,2.2,18
4931,888,14,1,6.7,16
4932,888,10,1,6.0,25
4933,889,7,14,4.5,29
4934,889,16,8,4.1,16
4935,889,18,12,11.4,25
4936,889,1,13,10.3,15
4937,889,13,7,3.2,16
4938,890,18,13,3.7,30
4939,890,8,5,5.9,27
4940,890,16,5,4.0,19
4941,890,13,13,2.8,21
4942,890,17,4,10.1,23
4943,891,13,2,4.7,24
4944,891,6,3,8.2,21
4945,891,4,1,2.7,26
4946,891,15,2,5.2,16
4947,891,2,3,8.1,29
4948,891,7,1,10.9,17
4949,891,5,-2,4.2,26
4950,892,6,1,13.3,15
4951,892,15,1,10.9,17
4952,892,3,3,7.4,19
4953,892,7,1,12.4,17
4954,892,11,3,4.9,26
4955,892,14,3,3.2,20
4956,893,18,8,13.5,25
4957,893,13,4,10.2,27
4958,893,1,2,6.4,17
4959,893,7,4,5.2,22
4960,893,8,10,12.6,25
4961,894,6,3,2.4,21
4962,894,5,2,2.5,16
4963,894,8,1,6.0,17
4964,894,12,1,11.6,30
4965,894,4,2,4.1,28
4966,894,13,2,1.6,22
4967,894,11,1,10.8,16
4968,894,10,2,4.8,15
4969,895,13,1,10.7,27
4970,895,1,2,4.0,23
4971,895,3,1,12.9,22
4972,895,2,3,6.7,17
4973,896,13,13,8.7,28
4974,896,8,12,3.0,30
4975,896,1,7,10.0,19
4976,896,18,4,7.4,21
4977,896,12,9,3.8,27
4978,897,7,8,5.3,29
4979,897,8,9,3.6,27
4980,897,9,14,7.5,29
4981,897,12,8,10.2,24
4982,897,18,3,10.5,26
4983,897,16,13,9.2,21
4984,898,7,2,9.8,24
4985,898,14,2,11.0,18
4986,898,5,1,11.7,21
4987,898,4,3,4.9,22
4988,898,11,3,10.5,28
4989,899,5,2,12.6,18
4990,899,6,1,8.3,29
4991,899,10,3,99.0,22
4992,899,1,1,5.0,29
4993,899,14,1,11.8,24
4994,899,2,2,1.8,23
4995,899,11,2,4.3,19
4996,899,9,1,11.1,21
4997,900,13,3,13.0,29
4998,900,12,11,7.4,16
4999,900,8,14,2.0,22
5000,900,18,4,4.0,28
5001,900,7,12,4.4,25
5002,900,16,13,7.0,19
5003,900,1,12,4.2,24
5004,900,9,9,12.5,29
5005,901,4,1,1.6,28
5006,901,8,2,6.0,21
5007,901,6,3,12.3,20
5008,901,7,3,12.8,30
5009,901,9,2,6.7,19
5010,902,14,1,1.3,29
5011,902,4,2,3.9,21
5012,902,11,3,12.1,22
5013,902,7,2,4.1,25
5014,902,6,3,12.7,17
5015,902,15,3,7.3,17
5016,903,7,12,3.9,18
5017,903,16,3,4.1,21
5018,903,13,11,11.8,21
5019,903,12,12,10.8,21
5020,903,9,7,11.2,25
5021,903,8,6,4.1,19
5022,904,15,1,11.8,29
5023,904,5,2,4.7,24
5024,904,9,3,12.4,22
5025,904,12,1,13.1,26
5026,904,3,1,3.0,24
5027,905,1,6,6.0,23
5028,905,7,13,6.0,29
5029,905,9,5,5.3,18
5030,905,8,9,9.0,27
5031,905,13,7,13.3,19
5032,906,4,2,2.1,21
5033,906,8,3,11.7,29
5034,906,1,1,14.0,24
5035,906,12,3,4.4,17
5036,906,5,1,12.0,29
5037,906,3,2,4.6,24
5038,906,13,1,11.5,15
5039,907,13,10,2.3,18
5040,907,8,6,11.9,19
5041,907,18,8,8.9,16
5042,908,13,3,5.8,24
5043,908,14,3,12.9,18
5044,908,3,2,5.3,29
5045,908,2,3,6.0,17
5046,908,10,3,5.6,20
5047,908,4,2,10.8,29
5048,909,8,2,5.3,29
5049,909,2,3,12.5,17
5050,909,1,3,9.7,30
5051,910,12,3,10.4,29
5052,910,8,3,8.8,29
5053,910,13,1,2.9,17
5054,910,4,3,13.2,30
5055,910,10,1,4.5,28
5056,911,13,2,11.2,18
5057,911,1,3,10.9,28
5058,911,3,2,7.7,18
5059,911,2,2,5.9,20
5060,911,12,3,6.4,30
5061,911,11,2,6.7,16
5062,911,15,3,8.2,21
5063,912,16,5,1.5,29
5064,912,12,11,3.3,21
5065,912,8,13,12.0,25
5066,912,9,6,8.5,17
5067,912,18,7,6.2,28
5068,912,7,5,4.0,26
5069,912,1,13,3.9,17
5070,913,16,11,13.3,22
5071,913,13,9,6.5,24
5072,913,18,5,12.9,30
5073,914,8,2,8.7,24
5074,914,1,3,8.0,17
5075,914,11,1,1.5,30
5076,915,11,3,1.7,27
5077,915,15,3,4.5,30
5078,915,7,2,9.7,18
5079,915,14,1,4.4,28
5080,916,12,3,9.8,29
5081,916,13,10,9.1,23
5082,916,18,4,8.1,28
5083,916,9,11,6.8,23
5084,916,16,9,2.7,27
5085,916,1,6,1.8,18
5086,916,7,9,10.5,15
5087,917,16,2,3.6,28
5088,917,8,5,6.7,28
5089,917,7,2,8.6,17
5090,917,18,8,3.6,24
5091,917,9,9,12.0,16
5092,918,8,1,9.6,15
5093,918,14,1,12.7,18
5094,918,9,2,13.4,15
5095,918,1,2,7.3,30
5096,918,3,2,9.4,24
5097,918,10,1,3.7,23
5098,919,6,3,13.9,23
5099,919,11,3,11.9,28
5100,919,8,3,9.7,21
5101,919,15,1,7.9,18
5102,919,3,2,2.7,25
5103,919,1,1,5.6,18
5104,919,4,2,3.3,19
5105,919,7,2,6.0,29
5106,920,4,3,1.0,29
5107,920,12,2,8.3,24
5108,920,9,3,1.6,16
5109,920,10,2,6.3,21
5110,920,14,3,10.4,23
5111,920,7,2,13.9,21
5112,921,13,12,4.8,27
5113,921,1,12,2.8,18
5114,921,18,2,1.7,27
5115,921,12,4,8.8,21
5116,921,8,14,8.9,18
5117,922,11,1,5.9,15
5118,922,13,3,7.7,21
5119,922,5,3,12.2,18
5120,922,12,2,9.9,19
5121,923,13,5,12.3,15
5122,923,9,2,9.2,24
5123,923,7,10,9.8,29
5124,923,18,4,3.0,19
5125,923,12,4,6.1,20
5126,923,1,6,5.7,16
5127,923,8,7,12.8,16
5128,923,16,2,4.8,23
5129,924,14,3,12.9,26
5130,924,3,1,10.3,19
5131,924,12,1,6.8,23
5132,924,1,3,10.8,27
5133,924,6,1,4.4,23
5134,924,11,2,8.2,18
5135,924,8,1,5.3,29
5136,925,9,14,1.5,29
5137,925,16,7,10.5,28
5138,925,18,14,5.9,18
5139,925,8,3,10.4,20
5140,925,7,6,2.8,29
5141,925,1,3,4.2,17
5142,925,13,8,10.5,26
5143,925,12,11,2.8,23
5144,926,10,1,3.2,25
5145,926,12,3,8.8,15
5146,926,3,2,4.5,25
5147,926,11,2,4.2,30
5148,926,2,1,8.4,23
5149,927,3,2,13.8,26
5150,927,8,3,12.7,28
5151,927,7,1,9.6,27
5152,927,9,1,9.1,30
5153,927,2,3,5.3,16
5154,927,1,1,12.8,28
5155,928,4,2,2.3,22
5156,928,1,2,2.4,27
5157,928,10,3,11.5,24
5158,928,2,2,14.0,28
5159,928,8,3,9.2,19
5160,928,14,3,8.9,20
5161,928,5,2,4.0,25
5162,928,11,2,7.5,27
5163,929,13,13,1.5,21
5164,929,1,3,3.8,28
5165,929,7,6,8.8,22
5166,929,12,9,13.4,23
5167,929,16,7,13.8,29
5168,930,4,3,8.5,15
5169,930,12,3,12.0,23
5170,930,2,1,5.9,26
5171,930,8,2,7.1,22
5172,930,6,3,5.7,20
5173,930,14,1,13.1,15
5174,930,15,3,7.2,17
5175,930,5,3,5.2,24
5176,931,3,3,3.2,28
5177,931,6,1,10.0,27
5178,931,2,1,7.5,26
5179,931,9,3,3.8,20
5180,931,11,3,1.7,18
5181,931,15,1,9.0,29
5182,931,7,3,10.4,18
5183,931,14,2,13.1,23
5184,932,3,1,11.6,20
5185,932,9,1,8.3,28
5186,932,15,2,5.8,20
5187,932,4,2,10.0,24
5188,932,1,1,9.8,30
5189,932,14,2,1.2,18
5190,932,13,1,4.2,27
5191,932,10,3,7.0,20
5192,933,4,3,12.1,28
5193,933,10,1,5.2,16
5194,933,6,1,9.5,26
5195,933,2,3,12.9,18
5196,934,16,2,13.4,18
5197,934,7,2,6.3,17
5198,934,8,14,4.0,24
5199,934,1,5,7.7,23
5200,934,18,9,12.5,16
5201,935,8,5,2.2,29
5202,935,18,2,4.1,23
5203,935,1,12,9.8,19
5204,935,12,13,4.7,18
5205,935,13,6,2.6,17
5206,935,16,12,10.6,18
5207,935,9,6,4.9,27
5208,936,12,6,1.2,22
5209,936,7,4,6.2,26
5210,936,8,13,12.9,15
5211,936,9,2,4.2,26
5212,936,18,13,2.4,25
5213,936,16,14,7.5,28
5214,936,13,8,2.9,23
5215,937,6,1,10.4,25
5216,937,1,2,6.0,18
5217,937,12,2,4.1,18
5218,938,12,9,9.2,19
5219,938,13,3,7.6,23
5220,938,16,7,11.9,30
5221,938,8,12,3.1,17
5222,938,1,8,13.8,30
5223,938,18,4,8.3,21
5224,939,4,1,1.9,24
5225,939,9,1,9.6,16
5226,939,12,2,10.0,23
5227,939,14,1,5.1,26
5228,939,1,3,12.1,18
5229,939,5,2,6.1,15
5230,939,11,2,13.6,28
5231,940,10,2,2.3,17
5232,940,12,1,4.7,19
5233,940,11,1,13.0,27
5234,940,2,3,2.8,29
5235,941,11,1,6.9,21
5236,941,3,2,11.7,25
5237,941,10,1,12.1,21
5238,942,11,1,3.0,25
5239,942,2,2,6.2,16
5240,942,6,2,3.1,26
5241,942,1,2,7.3,27
5242,942,13,2,11.1,30
5243,942,14,1,10.3,26
5244,942,3,2,7.8,17
5245,942,9,3,12.0,30
5246,943,7,6,12.0,19
5247,943,16,8,1.2,23
5248,943,9,13,9.6,23
5249,943,1,6,13.9,15
5250,943,18,9,12.4,25
5251,943,12,2,13.7,17
5252,943,13,13,5.4,22
5253,943,8,6,12.2,21
5254,944,12,8,7.1,16
5255,944,9,14,8.2,26
5256,944,7,12,8.2,25
5257,944,16,14,5.2,22
5258,945,1,10,8.5,18
5259,945,8,14,4.6,25
5260,945,18,10,9.2,24
5261,945,13,9,1.5,30
5262,946,4,3,8.9,23
5263,946,12,2,11.9,27
5264,946,7,1,12.3,30
5265,946,2,3,9.7,27
5266,946,3,2,3.5,19
5267,946,15,2,7.1,17
5268,947,1,2,8.6,24
5269,947,6,1,6.9,26
5270,947,10,1,3.1,25
5271,948,2,2,9.1,29
5272,948,1,2,4.0,29
5273,948,3,2,11.4,17
5274,948,6,2,4.6,16
5275,948,8,2,4.6,26
5276,948,7,3,6.0,29
5277,948,11,2,4.5,17
5278,949,5,3,8.5,16
5279,949,1,2,9.9,23
5280,949,10,3,13.7,29
5281,949,13,1,10.1,19
5282,949,9,3,1.5,26
5283,950,14,3,6.0,23
5284,950,5,3,6.0,16
5285,950,13,2,7.4,23
5286,951,13,2,10.1,27
5287,951,3,2,10.1,18
5288,951,12,3,7.7,23
5289,951,6,3,4.3,29
5290,952,14,2,12.3,18
5291,952,7,3,10.4,17
5292,952,6,3,1.3,25
5293,952,4,1,12.2,16
5294,952,9,1,3.8,23
5295,953,14,2,5.7,29
5296,953,12,3,13.5,18
5297,953,10,3,8.4,29
5298,953,3,2,11.5,19
5299,953,4,1,10.0,15
5300,954,8,11,4.5,22
5301,954,7,8,11.0,26
5302,954,9,11,11.7,16
5303,954,1,14,1.1,28
5304,955,16,10,1.1,21
5305,955,17,4,7.5,21
5306,955,18,14,13.2,16
5307,955,8,2,3.4,24
5308,955,13,5,11.3,20
5309,956,16,11,2.2,17
5310,956,13,10,4.6,27
5311,956,17,7,13.7,28
5312,956,8,13,5.8,16
5313,956,18,14,12.4,19
5314,957,7,5,8.0,25
5315,957,1,3,3.4,20
5316,957,13,4,8.7,19
5317,957,18,13,1.3,19
5318,958,7,2,10.7,26
5319,958,4,3,1.2,28
5320,958,1,3,5.4,27
5321,958,9,3,5.4,27
5322,958,6,3,4.6,20
5323,958,5,3,6.4,30
5324,958,14,3,6.3,16
5325,958,8,2,2.7,15
5326,959,13,14,1.6,19
5327,959,7,5,1.6,28
5328,959,1,8,13.9,16
5329,959,9,11,9.0,22
5330,959,16,11,4.0,30
5331,959,12,3,10.9,23
5332,959,8,5,5.5,28
5333,960,7,10,10.2,27
5334,960,1,8,9.1,18
5335,960,13,11,9.6,20
5336,960,8,6,9.6,28
5337,960,16,14,1.3,20
5338,960,9,9,11.3,28
5339,960,12,8,5.5,26
5340,960,18,6,12.7,28
5341,961,8,3,10.6,27
5342,961,2,2,1.8,29
5343,961,3,2,8.2,19
5344,961,1,2,5.5,21
5345,961,14,2,6.9,23
5346,961,5,2,8.1,20
5347,961,6,2,9.8,26
5348,961,9,1,7.9,17
5349,962,8,3,11.1,18
5350,962,13,2,12.2,27
5351,962,15,1,4.7,27
5352,962,2,2,1.2,23
5353,962,4,2,2.1,19
5354,962,7,2,2.4,15
5355,963,18,14,5.0,21
5356,963,7,13,12.4,27
5357,963,8,9,4.2,25
5358,963,13,5,10.0,19
5359,963,9,6,8.3,16
5360,963,12,13,12.6,27
5361,964,2,1,2.6,20
5362,964,14,1,11.3,30
5363,964,7,1,7.3,17
5364,964,15,2,3.1,20
5365,964,12,3,3.5,27
5366,964,9,1,2.5,28
5367,964,4,3,8.8,25
5368,964,10,2,12.3,30
5369,965,12,2,4.9,16
5370,965,3,1,7.6,28
5371,965,8,1,6.1,16
5372,965,2,3,3.5,20
5373,965,9,1,2.6,18
5374,966,15,1,4.4,18
5375,966,8,1,1.2,25
5376,966,4,2,10.5,16
5377,966,10,1,10.7,22
5378,966,6,3,13.8,27
5379,966,5,2,5.8,19
5380,966,7,3,12.2,24
5381,967,9,1,13.4,28
5382,967,15,2,11.1,29
5383,967,2,2,13.4,27
5384,967,13,1,10.0,17
5385,968,4,2,7.1,18
5386,968,3,1,11.4,25
5387,968,2,2,10.9,25
5388,968,6,2,5.1,29
5389,968,1,1,8.8,19
5390,968,7,3,3.6,25
5391,968,12,3,2.6,19
5392,969,12,2,1.6,21
5393,969,14,2,6.1,30
5394,969,7,2,7.4,22
5395,969,9,1,99.0,16
5396,969,10,1,1.5,26
5397,969,4,3,11.6,26
5398,969,13,2,7.4,26
5399,970,11,2,13.6,16
5400,970,12,1,4.1,19
5401,970,14,3,2.2,26
5402,971,14,2,1.2,28
5403,971,12,2,1.7,17
5404,971,2,3,8.9,18
5405,972,12,13,6.9,17
5406,972,8,13,3.9,29
5407,972,18,9,3.4,17
5408,972,7,13,9.0,22
5409,972,13,11,12.6,16
5410,972,16,5,12.6,30
5411,972,1,9,13.7,18
5412,972,9,12,13.4,24
5413,973,13,1,12.3,23
5414,973,12,2,10.2,15
5415,973,3,1,3.7,17
5416,973,1,3,12.7,16
5417,973,8,2,7.2,22
5418,974,2,2,12.9,24
5419,974,11,3,6.5,19
5420,974,13,3,4.5,26
5421,974,3,1,1.1,17
5422,974,8,2,12.4,30
5423,975,14,2,9.7,26
5424,975,2,1,5.9,21
5425,975,7,3,9.7,22
5426,975,13,2,5.2,29
5427,975,9,3,3.1,24
5428,975,4,1,8.2,25
5429,975,11,2,13.8,15
5430,975,3,2,3.8,23
5431,976,18,13,5.6,29
5432,976,8,2,2.1,27
5433,976,13,5,8.0,27
5434,977,2,1,3.3,23
5435,977,5,2,11.7,30
5436,977,3,1,3.6,24
5437,977,6,1,7.7,17
5438,977,4,2,5.5,27
5439,977,11,2,1.7,29
5440,977,7,3,8.8,18
5441,977,15,1,12.2,30
5442,978,10,3,12.5,17
5443,978,4,1,6.8,23
5444,978,9,3,10.4,19
5445,978,11,1,9.8,23
5446,978,13,3,13.8,23
5447,978,6,1,11.2,18
5448,978,1,1,6.7,20
5449,979,13,5,10.3,21
5450,979,16,13,7.1,18
5451,979,18,10,6.2,28
5452,979,7,6,6.1,19
5453,979,1,7,6.3,23
5454,979,9,5,9.3,16
5455,980,18,6,3.5,16
5456,980,8,2,3.6,28
5457,980,12,6,1.8,19
5458,980,7,8,13.4,24
5459,980,13,2,7.8,19
5460,980,1,8,7.6,16
5461,981,8,1,7.8,19
5462,981,7,1,7.8,26
5463,981,2,1,1.3,21
5464,981,13,1,6.5,20
5465,981,5,3,10.1,18
5466,981,3,1,12.8,28
5467,981,9,3,10.2,20
5468,981,11,3,9.7,25
5469,982,9,3,13.1,30
5470,982,7,6,6.4,25
5471,982,16,6,6.6,26
5472,982,12,13,12.5,30
5473,982,18,10,2.3,16
5474,982,1,11,5.1,21
5475,982,13,2,3.9,26
5476,983,8,2,11.3,27
5477,983,1,2,5.0,30
5478,983,13,3,4.0,21
5479,983,14,1,4.4,18
5480,983,2,1,12.4,20
5481,983,6,2,4.9,28
5482,984,8,3,11.1,27
5483,984,9,3,6.5,21
5484,984,11,2,13.1,18
5485,984,15,2,2.4,25
5486,984,5,1,12.7,26
5487,985,3,1,6.3,17
5488,985,14,2,10.1,18
5489,985,7,2,11.7,17
5490,985,10,1,10.9,19
5491,985,9,1,11.3,29
5492,986,2,3,7.7,19
5493,986,14,2,13.8,23
5494,986,9,3,10.6,24
5495,986,7,2,13.4,21
5496,986,3,1,12.0,18
5497,986,10,1,7.0,29
5498,987,12,2,13.1,21
5499,987,13,6,4.2,17
5500,987,16,12,6.1,15
5501,987,1,12,7.6,16
5502,987,9,2,11.9,21
5503,987,18,6,12.0,21
5504,988,9,3,5.7,27
5505,988,5,3,7.2,20
5506,988,8,3,5.3,19
5507,988,4,3,7.4,28
5508,988,12,1,2.4,27
5509,988,10,2,11.0,29
5510,988,14,2,10.0,18
5511,989,11,2,8.6,15
5512,989,15,2,12.9,24
5513,989,7,2,10.1,15
5514,990,12,14,13.6,26
5515,990,1,7,11.2,23
5516,990,13,3,9.9,15
5517,990,8,12,8.9,24
5518,990,18,4,13.8,27
5519,991,7,9,2.8,21
5520,991,9,8,7.3,28
5521,991,8,13,4.3,19
5522,991,12,13,10.7,21
5523,991,1,14,4.9,21
5524,992,8,3,10.9,27
5525,992,5,2,7.2,18
5526,992,14,3,9.2,17
5527,993,7,5,13.7,23
5528,993,18,4,8.5,30
5529,993,1,10,10.0,16
5530,993,12,11,7.4,25
5531,993,13,2,13.5,23
5532,993,9,8,10.9,20
5533,993,8,8,6.4,28
5534,994,14,2,13.4,27
5535,994,10,3,12.3,27
5536,994,8,2,8.5,17
5537,995,16,2,2.0,26
5538,995,18,5,4.0,28
5539,995,8,13,12.9,26
5540,995,7,7,3.7,23
5541,995,13,11,13.0,15
5542,996,7,9,9.9,16
5543,996,18,3,4.6,21
5544,996,8,8,12.1,25
5545,996,1,4,5.0,28
5546,996,9,8,13.2,25
5547,996,16,3,1.8,30
5548,996,13,4,2.1,29
5549,996,12,4,9.1,24
5550,997,18,13,4.2,25
5551,997,8,2,6.8,15
5552,997,13,2,7.2,30
5553,997,16,8,14.0,30
5554,997,17,2,13.2,20
5555,998,2,3,5.1,28
5556,998,1,3,12.7,22
5557,998,8,1,7.5,24
5558,998,7,1,13.1,22
5559,998,12,2,12.9,16
5560,998,5,1,7.4,20
5561,999,7,3,7.5,22
5562,999,12,1,11.9,20
5563,999,4,2,6.4,17
5564,999,10,2,5.5,30
5565,999,3,3,3.7,24
5566,999,11,3,9.3,30
5567,1000,9,2,6.9,22
5568,1000,4,1,10.3,19
5569,1000,6,1,3.1,19
5570,1000,5,3,4.7,19
5571,1000,14,3,4.7,24
